3,13,14,16,22,28
1,8,15,22,31,36
4,13,32,34,35,36
4,19,21,23,24,29
6,8,9,16,17,34
6,15,17,22,26,34
2,3,15,22,23,31
9,13,22,24,26,27
3,7,11,16,24,30
3,14,17,18,24,33
2,7,9,20,24,26
4,23,24,25,27,33
1,18,19,20,27,30
8,12,14,22,25,34
1,4,8,14,22,25
6,15,17,18,28,32
2,7,19,23,28,32
13,14,19,25,32,33
8,23,24,29,30,31
2,8,12,13,25,34
8,13,14,18,25,31
3,4,15,17,21,23
17,19,27,29,34,35
8,14,19,21,23,34
7,14,16,27,30,34
2,16,25,29,33,36
7,14,16,19,26,29
6,7,14,15,17,29
3,9,13,15,29,35
4,8,11,14,23,24
1,10,12,18,20,21
5,6,9,11,25,30
3,5,9,12,13,15
6,10,20,27,30,36
1,3,6,15,25,26
3,7,25,28,31,35
3,13,15,26,27,33
5,22,25,28,29,34
1,5,7,20,21,35
4,6,9,16,23,30
8,14,16,26,35,36
10,11,12,16,20,34
12,14,15,25,32,36
9,14,16,20,32,34
5,8,14,25,26,35
12,15,20,23,30,35
8,19,25,28,31,34
6,7,13,15,16,28
8,16,19,29,34,35
3,6,14,17,18,22
3,4,11,15,18,31
11,18,20,21,23,29
2,13,19,23,26,34
15,20,33,34,35,36
5,6,12,18,26,32
21,22,23,25,30,35
4,9,16,23,27,30
7,9,14,22,24,29
8,13,21,24,32,33
7,11,12,17,29,31
6,8,14,24,30,36
3,7,10,25,26,35
4,6,9,10,15,30
11,14,16,17,23,24
5,8,14,19,33,35
11,13,14,16,29,36
2,4,9,21,24,26
1,15,20,21,24,27
17,20,22,23,33,36
9,17,18,20,26,30
6,8,12,16,19,25
1,4,5,13,20,32
6,13,16,17,24,31
4,8,9,16,22,25
1,12,29,32,33,34
6,13,14,18,21,24
6,9,14,19,23,34
5,9,12,13,26,27
11,20,23,28,32,36
14,16,20,22,30,35
10,11,15,22,24,25
2,10,15,18,20,32
7,8,10,24,30,35
12,15,19,21,22,28
5,19,22,23,30,36
8,10,15,16,24,25
5,18,19,21,31,33
9,16,24,31,32,33
1,8,10,11,28,33
4,5,14,23,26,31
1,8,33,34,35,36
4,6,11,12,21,34
2,6,7,21,23,25
2,10,19,24,30,36
5,11,17,19,35,36
6,7,13,18,25,36
3,5,16,22,30,36
4,11,12,24,28,36
9,18,22,23,29,31
1,13,17,22,26,33
11,13,19,32,35,36
1,3,10,15,18,30
4,10,20,24,27,28
6,18,19,24,35,36
13,18,22,27,29,34
2,8,17,19,21,34
3,6,7,25,30,33
6,14,15,23,24,31
1,6,7,17,19,24
7,9,17,25,27,32
13,16,23,28,34,36
5,14,16,20,22,24
9,18,19,20,26,28
2,6,14,29,34,36
7,8,9,10,12,25
2,18,22,30,35,36
6,12,17,24,29,36
2,13,16,23,30,34
1,5,6,9,28,32
1,4,5,9,12,24
8,15,25,29,30,36
2,5,7,10,12,20
7,11,13,23,24,32
7,11,12,20,29,30
1,4,7,16,31,34
7,11,17,19,24,27
4,6,19,21,22,35
5,9,13,18,24,34
6,7,10,15,33,34
1,6,12,13,22,32
7,8,15,21,25,29
7,8,19,21,29,36
4,7,8,23,24,30
11,12,16,20,26,34
5,10,17,20,26,30
8,14,16,18,22,28
19,21,22,30,32,33
11,13,21,22,35,36
8,14,16,25,26,29
4,18,23,25,27,30
3,8,16,18,24,26
7,11,14,18,28,29
4,8,11,13,21,33
1,10,12,24,31,36
9,12,16,20,30,34
11,12,20,28,30,36
12,15,17,21,24,36
5,10,16,18,24,34
3,4,18,19,22,28
6,7,9,16,24,35
1,13,14,16,24,26
6,8,13,15,21,25
1,10,16,19,25,29
13,21,23,33,35,36
5,6,20,23,25,27
1,3,8,13,32,36
2,10,22,28,32,36
10,11,13,16,27,36
7,9,18,22,28,34
7,14,17,19,25,28
8,25,30,31,32,34
15,17,23,24,28,29
8,25,29,30,34,36
2,8,10,12,17,35
1,8,9,15,16,17
4,5,11,22,29,36
3,7,21,24,25,36
2,5,11,17,19,15
7,8,11,31,32,35
2,6,24,29,35,36
1,17,23,25,32,33
5,13,21,26,34,35
1,6,10,14,22,25
13,14,17,18,21,31
6,14,20,21,25,36
1,13,23,24,34,35
1,7,12,17,26,29
4,12,16,17,21,27
4,12,15,17,22,34
5,6,8,21,27,29
1,2,11,32,34,36
9,10,11,19,22,30
4,6,15,20,26,36
11,12,14,15,16,25
4,6,8,13,26,32
1,15,19,21,26,33
4,12,16,24,31,34
10,17,19,21,22,30
6,10,11,23,27,30
5,10,25,28,32,35
3,13,19,23,26,32
1,6,15,25,28,29
7,13,15,25,33,35
4,5,19,21,30,31
4,9,10,15,32,36
5,13,21,23,29,32
11,24,26,31,35,36
8,17,21,25,28,29
4,6,21,26,28,33
11,13,19,22,23,32
3,9,13,19,25,28
1,5,14,17,32,36
3,5,19,26,28,32
9,10,16,17,20,35
3,6,10,19,23,27
9,13,18,23,30,31
11,17,19,22,29,33
3,15,16,18,23,24
6,21,22,24,25,34
10,11,18,19,23,30
15,20,22,25,32,33
2,6,9,15,28,34
1,7,8,11,21,26
9,19,21,22,23,30
10,17,19,24,31,32
1,4,10,14,15,33
2,12,20,22,29,31
4,13,15,17,28,29
1,12,18,31,32,34
4,10,19,20,24,28
1,2,3,24,25,30
12,17,18,24,26,35
6,9,13,17,21,35
6,15,19,24,29,34
6,8,16,23,30,35
2,12,16,20,34,35
9,12,19,24,25,35
1,6,12,15,25,35
3,6,13,14,29,33
3,15,20,21,28,35
19,20,21,29,32,35
5,23,25,31,32,36
8,12,13,15,24,33
9,14,19,20,21,31
3,8,10,18,32,34
4,9,12,18,30,33
16,18,25,29,33,35
5,14,19,27,33,36
1,4,7,9,30,33
1,3,16,20,25,35
1,8,12,24,32,35
5,6,10,14,25,28
4,13,15,21,24,35
4,9,10,32,34,35
2,19,23,32,34,35
3,11,12,13,26,33
4,5,27,32,34,35
1,4,9,26,28,30
4,8,12,13,18,28
1,3,4,14,33,35
3,6,12,20,26,29
12,16,21,29,33,35
7,10,17,19,21,33
5,9,16,25,29,34
8,14,17,20,30,35
9,10,16,26,31,34
10,14,16,30,34,36
1,9,15,18,22,28
2,3,10,11,18,22
13,15,17,18,22,34
10,13,16,18,19,34
5,6,8,15,31,32
11,15,19,20,21,31
1,5,10,13,18,28
5,11,13,21,27,30
6,7,11,16,32,34
1,6,24,27,32,34
2,7,16,17,25,27
6,9,10,18,26,29
19,23,28,29,30,32
1,7,8,23,28,30
4,8,13,22,23,31
7,8,13,27,29,35
7,13,23,26,29,35
4,6,8,25,27,28
2,12,20,21,24,35
7,14,15,24,27,36
7,13,15,17,33,34
8,17,22,24,33,36
6,11,23,27,33,34
2,4,6,11,27,31
1,4,5,13,19,34
1,2,3,9,26,28
7,9,16,25,27,29
21,24,26,28,32,33
3,4,9,12,14,36
7,11,13,16,26,34
10,11,22,27,29,30
5,6,14,18,19,30
10,12,13,18,21,22
3,8,21,22,23,36
1,5,11,29,32,33
1,2,3,6,8,36
3,5,16,21,26,29
3,11,15,25,28,34
5,7,11,24,27,33
2,5,7,8,15,29
5,8,10,11,19,20
3,6,18,24,30,33
3,5,12,31,32,33
1,10,18,20,22,32
5,26,27,28,33,36
1,8,17,19,24,25
1,9,10,11,22,36
2,7,12,24,26,33
14,18,23,28,29,35
6,9,13,15,24,29
2,10,19,20,22,32
1,5,8,10,17,20
3,11,14,20,28,35
2,6,14,20,22,36
7,9,22,24,26,36
6,12,14,15,19,34
2,8,15,16,19,29
5,11,20,26,34,36
4,5,20,21,29,35
16,17,25,27,30,33
5,17,19,20,27,30
2,7,10,18,23,36
1,12,15,17,31,34
3,6,8,23,26,28
1,2,24,26,27,36
9,13,20,25,26,30
2,6,8,14,31,33
5,7,9,13,26,32
1,17,22,26,27,30
3,6,9,12,15,33
1,10,15,17,34,36
1,2,18,27,31,34
6,9,11,12,16,28
4,26,28,32,33,36
5,13,17,18,24,31
17,18,23,25,32,36
17,22,25,26,30,36
3,4,13,25,30,31
9,14,19,21,27,30
3,7,10,21,22,32
12,18,23,25,28,32
1,4,22,23,27,33
1,3,13,16,27,33
11,13,21,28,29,32
16,19,23,28,33,35
4,8,27,29,33,36
3,7,12,20,27,34
6,8,12,20,31,32
4,5,18,22,26,30
4,11,18,20,21,32
7,24,27,31,33,36
1,5,19,29,31,35
3,8,13,14,15,28
7,9,11,15,17,30
2,15,18,19,22,33
6,8,10,21,27,31
8,12,15,23,27,31
2,3,11,24,25,31
4,10,21,27,33,34
2,3,4,6,20,32
1,9,10,15,18,29
9,10,11,15,16,31
1,4,7,24,27,34
1,6,11,18,22,31
5,6,8,11,30,31
12,16,17,24,26,29
11,15,25,31,35,36
4,9,13,22,24,32
11,19,26,29,33,35
1,4,14,15,16,22
3,7,8,12,21,23
3,6,15,18,22,33
5,6,10,18,27,34
9,10,13,27,30,35
13,14,17,19,23,27
1,4,9,10,33,36
5,8,10,11,22,26
1,6,14,21,23,31
2,6,9,10,29,33
4,6,13,16,20,24
5,11,17,22,28,33
4,14,22,26,27,34
1,5,13,14,23,29
2,5,8,22,31,32
14,15,28,30,31,34
9,16,18,26,29,33
2,8,13,17,22,28
5,10,13,16,20,27
5,10,14,16,29,30
15,21,23,30,31,33
6,13,15,19,30,32
8,9,19,21,26,31
7,9,15,17,26,34
4,5,8,12,19,33
4,11,26,28,31,36
2,6,7,18,33,34
7,9,18,22,27,34
4,5,8,12,23,27
3,5,11,18,20,22
2,5,17,26,33,34
5,22,25,27,32,36
3,11,15,16,22,25
5,7,9,21,25,26
1,3,9,12,19,24
9,12,16,22,24,31
13,18,27,29,32,34
2,19,20,31,34,36
4,20,23,24,28,32
2,14,15,21,23,36
16,18,26,32,33,35
10,15,16,22,26,35
3,15,17,29,30,31
2,6,17,18,27,28
5,13,20,26,27,34
8,14,24,32,33,34
2,4,26,28,32,34
8,16,19,22,25,28
9,14,19,20,32,34
4,12,15,18,22,28
5,7,11,23,26,32
9,13,14,22,35,36
5,15,17,18,31,36
3,4,10,20,31,36
3,8,13,16,26,31
5,23,24,26,31,34
6,12,14,23,27,29
7,8,9,10,27,28
5,11,17,20,26,27
5,10,15,23,28,31
5,7,8,24,30,35
3,4,6,17,28,31
1,6,8,19,22,35
1,11,15,27,29,30
1,4,9,14,23,25
1,10,11,20,24,31
3,6,12,13,22,29
1,6,14,16,17,36
8,11,15,19,31,36
2,9,10,15,26,28
8,11,23,26,32,34
8,9,10,18,23,27
20,23,24,25,27,36
4,12,14,20,24,28
11,15,21,29,33,36
7,10,14,23,28,31
10,12,15,23,29,32
13,24,27,29,30,36
9,13,15,20,27,33
1,3,18,24,32,35
1,2,14,17,19,30
1,3,22,26,33,35
1,3,6,14,18,24
12,16,27,30,31,34
1,5,8,10,15,26
7,18,20,21,25,32
6,15,16,17,30,36
9,20,21,25,30,31
4,7,19,26,27,29
4,10,17,32,34,36
1,3,13,22,28,34
1,18,22,24,26,33
2,5,6,16,30,35
3,5,6,14,15,20
1,3,9,23,27,28
2,17,18,21,27,34
1,7,21,23,27,35
1,4,8,9,15,32
2,11,15,20,29,35
7,10,15,17,18,29
1,22,27,32,33,34
6,11,17,22,31,35
3,13,30,31,33,34
5,15,19,29,31,34
1,8,25,27,31,34
6,15,16,20,28,29
3,7,9,13,21,26
8,9,10,12,13,36
5,8,17,18,20,25
8,21,24,28,32,34
2,9,21,31,32,35
9,19,26,27,31,35
3,8,16,25,27,30
5,9,20,22,29,36
2,3,6,12,16,28
4,10,16,24,25,34
4,5,27,28,29,30
3,4,9,29,33,35
1,2,3,7,17,22
1,4,5,12,23,32
1,22,27,33,35,36
5,7,9,19,23,25
12,19,20,27,28,32
5,25,27,28,32,33
4,11,14,15,26,30
2,21,22,27,29,33
2,6,9,10,26,29
7,17,23,25,28,34
1,3,7,11,13,28
2,18,24,30,31,32
3,7,8,23,29,31
3,13,15,22,24,33
4,8,13,26,33,35
12,14,23,24,28,29
5,9,13,17,34,36
11,16,18,21,22,28
12,18,26,31,35,36
5,8,15,19,24,33
2,6,18,23,27,31
1,9,16,20,29,31
1,2,3,7,13,15
3,11,17,18,27,33
5,13,21,31,33,34
10,11,17,28,32,33
5,7,9,11,30,36
5,10,13,30,33,34
8,10,15,17,23,27
6,9,16,20,30,31
1,9,10,20,25,35
1,8,10,18,22,32
1,6,10,11,26,29
15,20,25,29,31,35
7,10,13,22,24,26
1,3,8,16,19,36
1,12,13,25,27,30
3,6,20,27,30,31
4,11,18,22,25,34
1,2,14,16,27,30
1,5,7,15,29,35
15,22,29,32,35,36
6,8,12,28,32,36
5,6,19,22,32,33
9,24,27,33,34,36
5,8,12,24,32,34
1,3,8,11,23,30
5,10,23,24,26,35
2,10,18,21,22,35
2,9,14,15,25,33
2,7,15,24,25,33
3,5,18,21,25,33
4,7,17,25,32,33
11,15,16,21,22,29
3,10,17,19,21,22
1,13,21,29,32,34
9,22,25,28,29,36
6,12,21,23,25,27
5,6,10,12,23,32
4,9,11,16,29,32
2,3,11,13,19,30
1,4,11,14,26,28
6,8,20,22,29,35
12,17,22,27,33,36
13,18,24,27,30,33
2,5,6,8,19,29
6,22,24,26,32,34
5,19,22,26,28,30
5,17,25,27,30,34
1,3,21,22,29,31
13,21,25,26,31,35
4,8,13,18,28,33
1,2,4,12,20,28
4,10,14,21,22,27
3,8,9,12,19,34
5,6,8,12,22,30
1,13,15,21,22,27
3,11,12,13,19,27
3,6,7,17,20,35
8,15,19,21,24,34
2,13,20,21,24,36
4,7,11,27,31,32
5,20,27,29,32,33
3,4,8,20,26,29
5,15,17,19,33,36
1,9,12,17,20,29
3,4,31,33,35,36
1,5,8,18,26,27
7,10,13,14,27,36
6,8,19,27,32,35
8,9,30,32,33,34
15,19,20,23,27,31
12,13,22,26,31,34
3,11,14,31,32,36
9,15,17,23,25,30
10,16,20,21,23,28
6,7,16,20,22,26
5,6,15,22,25,34
4,10,13,15,19,34
13,16,26,31,33,35
3,10,15,17,25,27
3,9,10,20,23,26
2,7,16,25,26,30
2,11,18,26,27,34
1,11,15,24,28,30
6,16,22,26,28,34
3,11,17,22,34,35
3,4,12,18,27,33
2,4,11,23,26,31
17,19,22,23,28,36
11,12,16,22,23,33
2,4,13,19,23,33
6,16,19,20,27,33
3,18,21,22,31,33
17,18,21,26,28,36
9,14,17,20,24,34
7,8,9,15,16,31
2,8,27,28,29,33
1,7,9,23,29,33
6,13,14,16,22,31
5,8,9,11,15,35
1,5,9,12,14,26
3,10,17,20,24,29
4,6,8,16,22,28
2,10,11,22,24,31
1,22,25,29,31,36
4,15,18,24,27,30
2,4,9,10,24,31
12,13,14,16,21,36
1,8,19,23,31,34
6,15,16,18,21,32
5,9,15,28,30,33
4,11,23,24,28,30
16,26,28,29,31,35
1,13,15,23,28,29
11,13,17,25,26,30
2,4,7,14,26,34
19,25,28,30,33,35
3,5,8,13,19,26
2,4,8,24,29,35
4,6,13,22,23,33
4,8,16,18,29,33
4,11,15,26,31,34
4,5,7,15,23,24
2,8,12,29,32,33
4,24,33,34,35,36
2,11,18,22,25,32
13,20,22,26,27,33
10,19,20,24,32,35
8,10,13,14,21,23
4,6,17,21,22,36
5,10,15,16,22,28
4,8,13,21,24,35
3,4,5,13,29,33
9,14,15,24,26,36
4,5,9,13,24,31
1,4,12,27,31,32
3,22,23,28,32,33
3,10,17,22,26,34
3,10,13,17,25,27
8,12,13,15,19,31
1,5,7,10,17,20
9,15,20,24,30,36
4,14,15,17,19,22
4,9,12,13,24,26
6,13,14,17,24,25
4,7,9,10,21,23
3,8,9,14,29,34
1,4,5,16,21,27
9,11,13,17,21,35
8,22,23,25,28,32
8,10,15,19,29,33
4,5,16,17,21,35
2,5,7,17,20,29
2,4,16,19,21,24
24,29,30,31,32,35
2,10,15,19,22,27
10,11,19,26,27,34
9,15,22,23,24,36
2,14,23,26,27,34
9,10,11,13,20,29
1,2,8,27,34,36
1,12,17,22,23,34
1,5,12,15,26,35
5,16,17,29,30,33
11,19,20,29,33,35
3,4,16,19,24,25
1,8,15,27,30,34
3,8,9,19,29,30
1,7,13,23,32,33
10,14,24,28,30,34
8,9,17,18,34,36
10,19,30,33,34,35
2,3,9,10,23,25
3,4,19,22,27,29
4,9,11,30,34,36
11,15,16,20,23,36
7,8,17,20,22,27
1,5,6,7,17,34
6,7,30,32,34,36
4,8,15,18,30,31
4,5,6,12,13,29
2,11,20,23,27,36
11,12,14,16,17,18
2,15,16,22,25,32
4,5,7,8,22,36
8,14,15,22,23,25
1,5,10,20,31,36
5,11,16,22,23,32
24,31,32,33,34,36
1,3,5,19,33,34
4,9,21,25,31,36
2,4,19,20,23,27
8,21,24,27,29,32
14,20,26,30,33,34
2,26,30,32,33,35
5,6,8,20,21,34
19,22,24,30,31,35
1,3,8,28,32,33
17,18,20,22,33,34
15,20,23,25,31,33
1,5,7,13,18,29
6,10,16,18,24,26
5,6,10,27,31,33
4,5,22,24,27,30
4,5,14,23,34,36
4,10,16,26,30,32
11,12,19,20,31,35
3,13,20,21,30,32
1,11,14,19,22,36
4,7,22,23,30,32
4,7,9,11,15,21
4,11,16,17,21,29
1,7,15,21,27,34
8,9,16,29,30,36
1,3,5,10,19,21
1,6,13,17,23,30
4,7,9,10,15,26
10,12,14,29,34,36
6,15,17,27,31,36
10,23,30,31,34,35
2,3,11,19,23,28
1,9,12,21,24,30
1,3,6,17,31,37
10,11,17,26,29,35
1,8,10,18,21,26
11,12,18,19,30,33
21,23,33,34,36,37
3,10,11,16,18,25
4,8,20,28,35,39
3,6,12,27,37,38
3,14,19,21,32,33
2,12,28,33,37,40
9,10,13,15,16,36
2,9,20,21,26,33
1,9,10,14,15,16
13,14,20,22,26,35
14,17,22,23,34,37
1,5,15,25,31,32
11,12,14,16,23,27
3,15,17,22,24,31
9,10,14,24,29,33
11,12,23,24,28,30
1,3,10,28,38,40
9,13,15,17,19,25
5,6,7,19,29,36
21,26,28,31,36,38
4,7,19,22,23,27
1,16,24,28,30,31
5,8,13,33,35,38
2,6,31,33,35,36
9,19,23,26,27,34
3,4,27,28,35,38
3,4,5,20,24,36
13,24,27,33,36,38
2,6,14,30,34,36
6,8,9,17,34,38
10,22,23,25,35,40
3,17,23,30,33,36
9,10,21,23,26,29
4,6,20,29,37,40
2,12,13,24,26,36
5,6,12,21,28,33
11,16,23,26,37,39
8,9,10,14,30,37
6,16,26,36,37,40
2,9,27,28,30,34
2,9,12,16,25,27
2,5,10,12,17,29
12,13,18,24,30,35
8,9,17,27,30,35
5,8,9,14,16,20
1,5,20,28,37,40
4,9,10,14,27,30
9,19,20,27,28,38
6,7,9,20,25,26
8,16,18,23,30,37
2,7,13,22,31,39
10,21,23,26,28,35
1,2,14,17,19,23
2,5,12,13,27,28
8,18,23,27,34,40
1,6,17,34,37,38
3,5,8,10,14,31
4,5,8,17,24,27
1,6,17,19,30,34
5,8,10,28,30,33
13,17,25,26,28,31
7,13,14,20,22,25
3,13,21,34,36,37
10,13,27,31,37,38
3,5,8,15,20,40
13,15,16,22,30,35
5,12,20,28,37,38
3,6,7,15,35,39
3,24,29,33,36,40
10,11,20,29,30,34
9,11,14,15,22,36
1,7,14,20,24,30
7,16,20,28,34,36
5,8,15,19,24,30
1,3,6,9,21,31
1,4,12,21,35,40
9,14,23,27,34,36
1,2,3,17,35,38
12,14,23,26,32,38
9,14,21,23,24,29
7,9,19,20,24,37
5,7,9,13,14,26
1,6,7,15,16,20
17,19,22,26,28,35
4,21,26,29,31,37
2,21,24,26,29,33
6,14,23,25,29,37
13,20,23,33,34,35
1,6,23,26,29,40
2,3,15,23,28,29
3,6,15,16,34,37
1,2,22,31,36,37
11,20,23,29,31,34
7,14,17,28,37,40
1,8,17,20,25,30
10,17,24,31,33,36
1,7,18,34,35,38
13,19,23,33,37,39
3,7,8,14,37,38
4,6,10,14,26,40
7,12,20,26,28,32
10,17,24,28,31,34
2,7,9,18,21,22
2,8,12,20,22,40
10,11,21,24,33,38
11,14,28,29,36,40
8,15,23,25,28,38
8,17,24,29,37,38
3,8,14,35,36,37
13,33,34,35,38,40
1,2,34,35,37,40
7,10,30,35,36,38
3,14,17,26,27,31
21,34,35,36,39,40
7,12,26,28,36,37
6,12,17,29,31,34
9,16,19,22,27,34
2,3,5,24,33,36
7,13,14,15,20,33
5,6,7,8,15,35
5,17,20,22,29,34
6,14,23,29,31,36
2,7,13,16,17,24
13,15,27,31,35,38
5,10,13,34,36,38
2,7,14,17,29,30
8,16,23,24,32,33
5,7,15,21,27,29
7,10,12,22,23,35
23,27,29,34,37,38
7,8,14,22,38,40
10,20,23,35,36,40
8,9,12,14,21,36
6,13,21,27,31,36
2,3,19,21,24,33
1,5,20,31,32,33
5,12,22,23,27,34
2,6,7,20,21,23
2,3,7,8,14,35
1,14,17,24,34,39
8,13,22,28,37,38
14,15,24,27,29,33
2,12,18,22,36,40
14,21,22,24,31,36
8,10,12,13,17,33
2,5,6,7,8,37
1,2,7,10,29,37
1,11,12,17,18,27
3,21,26,30,36,40
2,12,14,21,27,40
8,16,21,33,36,40
7,14,21,23,27,31
4,10,23,30,32,36
5,24,27,33,37,39
1,10,24,29,37,39
13,17,18,31,35,37
11,12,24,29,35,39
5,20,26,27,29,36
1,2,7,8,20,22
1,2,3,6,24,30
19,21,22,23,30,31
2,11,16,20,36,40
7,8,9,23,27,35
7,8,10,12,21,39
10,11,24,30,35,37
2,21,29,36,37,38
6,25,27,28,35,40
2,4,6,12,19,31
4,5,6,25,34,38
14,16,27,34,39,40
8,13,20,21,31,36
10,16,22,26,32,33
9,12,16,20,23,38
7,17,18,31,35,37
3,7,24,28,34,37
2,14,24,29,34,37
1,7,12,24,26,35
2,13,16,26,36,38
8,14,20,23,28,29
3,5,10,24,33,40
8,9,15,20,22,26
7,13,15,19,22,23
1,7,14,16,20,23
2,7,16,33,36,40
10,13,14,18,26,29
1,16,19,28,31,38
9,19,24,33,36,38
8,13,16,31,36,38
7,8,23,29,34,40
2,15,19,28,29,40
3,6,10,24,30,38
8,14,16,21,23,31
10,24,26,29,37,40
2,3,15,27,31,36
1,3,15,19,26,38
2,6,8,26,29,35
12,14,20,26,27,36
9,11,22,27,32,33
14,15,20,27,30,39
1,6,18,21,22,31
1,13,15,16,35,37
6,9,11,17,23,27
3,15,16,21,25,37
2,11,15,26,27,33
1,13,17,22,28,34
10,13,22,29,31,36
1,8,14,15,27,36
1,10,22,28,30,37
7,19,20,21,31,34
2,3,13,14,28,31
22,23,24,29,33,40
6,7,30,31,36,39
7,10,12,13,16,36
3,9,11,21,22,35
2,8,15,24,28,39
1,7,9,12,22,35
7,22,23,26,34,38
11,16,27,32,34,35
3,16,23,26,27,33
12,15,26,32,37,40
2,6,16,19,20,36
5,17,22,30,32,36
7,9,12,13,34,40
15,17,19,28,36,37
3,5,9,15,22,29
2,5,6,7,18,26
12,20,26,29,30,38
2,9,25,30,31,36
7,8,19,21,27,40
14,16,17,23,28,30
19,25,27,33,37,39
10,14,17,23,26,38
2,3,6,8,16,29
1,19,23,34,37,38
3,13,17,20,28,30
1,11,20,22,24,29
2,11,12,16,21,25
9,12,16,23,29,39
1,2,9,24,30,31
2,9,14,15,22,23
6,23,26,27,29,40
3,21,26,28,29,36
5,16,19,33,36,40
3,6,8,28,34,35
1,16,19,26,28,33
5,10,11,12,14,26
4,5,10,20,27,36
1,5,17,21,25,34
7,22,25,28,30,36
8,13,14,26,30,38
2,26,30,34,37,38
15,16,21,24,29,31
5,19,20,26,34,40
1,2,6,21,31,35
11,12,19,22,27,30
10,23,26,27,33,40
1,7,12,14,36,40
20,26,29,35,36,37
6,8,18,20,23,35
3,10,21,24,37,38
3,5,19,30,31,35
6,10,15,17,21,22
1,2,3,6,13,27
2,7,14,20,21,38
4,5,12,18,36,38
6,12,32,35,36,38
5,10,11,19,20,32
9,16,25,31,32,37
3,4,10,26,30,39
4,7,14,22,33,36
1,17,24,26,28,34
5,11,12,19,21,33
2,19,22,26,34,35
17,18,22,23,29,33
1,4,23,28,36,37
1,8,10,19,29,34
7,17,18,19,22,31
9,11,12,19,28,29
6,7,22,31,35,39
4,7,19,23,28,40
17,18,19,26,32,39
5,8,11,21,26,35
1,12,14,19,20,23
3,8,14,25,29,37
5,9,19,26,36,39
11,12,14,18,27,40
10,13,14,17,33,40
1,7,9,12,25,35
3,10,16,22,34,35
2,8,16,23,31,37
3,7,8,18,24,36
6,12,13,28,36,39
7,16,26,27,32,35
4,10,19,30,33,35
3,9,10,26,36,37
1,12,14,25,27,28
1,17,20,34,35,37
10,18,22,26,28,35
5,12,20,23,26,29
15,19,21,24,32,37
1,3,7,15,16,33
6,15,16,27,34,37
1,6,8,10,15,35
2,11,17,26,29,36
8,18,22,26,29,31
3,9,13,16,37,38
11,14,18,22,23,36
6,22,30,35,39,40
5,9,10,29,31,40
5,8,9,25,26,38
10,12,21,26,30,32
1,12,16,19,34,35
3,5,14,29,30,39
6,9,12,13,21,24
4,5,10,12,27,30
8,12,22,23,25,32
2,10,14,15,26,36
5,14,16,22,34,39
2,10,17,18,27,40
11,16,19,22,33,36
2,6,13,23,29,35
7,8,15,16,27,37
8,9,19,24,29,37
15,22,25,26,28,33
4,18,21,28,29,37
7,11,22,26,32,37
4,15,19,20,22,38
3,11,12,27,31,36
9,11,18,19,32,40
2,5,12,19,27,38
15,16,20,27,31,33
12,15,16,28,29,30
4,5,14,27,28,34
1,10,16,20,23,34
2,4,5,12,18,38
3,5,11,12,35,40
9,10,23,25,28,33
1,3,15,18,19,30
11,21,22,36,37,40
5,18,30,33,38,39
3,15,16,19,21,40
6,16,22,31,32,33
1,5,8,11,23,27
2,5,14,21,25,28
7,11,17,21,30,37
2,13,19,30,37,39
2,18,22,23,27,34
7,14,18,21,28,36
2,3,6,12,36,38
9,13,14,25,31,32
7,12,15,29,32,33
1,11,21,26,30,39
1,5,10,27,28,31
1,6,12,18,23,38
6,10,14,18,27,36
7,18,22,24,35,38
5,9,22,30,32,37
8,15,21,23,27,29
9,12,16,21,38,39
1,13,23,31,37,39
2,4,8,13,38,39
1,3,16,20,23,32
8,12,20,26,28,37
8,16,24,29,39,40
3,11,12,20,25,39
6,14,19,28,32,35
5,7,23,25,29,32
1,4,11,17,27,35
1,12,16,21,35,39
5,11,13,15,21,39
12,20,21,22,36,39
9,11,13,27,28,36
4,6,8,9,12,26
2,3,11,13,25,27
6,7,12,15,23,27
1,11,14,18,23,40
2,4,12,36,38,40
3,9,11,16,29,33
1,7,16,26,29,30
11,18,25,34,37,40
4,5,9,13,19,29
12,14,32,33,37,38
19,25,27,29,35,38
5,6,11,18,27,30
7,10,14,17,28,31
2,4,28,31,36,37
11,16,22,23,33,39
8,21,30,31,37,39
3,8,14,15,18,26
4,14,17,25,27,33
1,2,20,24,25,39
1,4,14,17,21,26
11,12,22,26,32,37
4,5,12,32,34,36
12,16,21,22,29,30
12,18,21,26,37,40
1,3,9,10,25,36
1,6,22,23,32,35
15,16,30,33,38,40
16,20,23,27,34,38
12,13,18,26,32,39
8,10,12,17,36,40
8,14,18,24,28,36
2,11,14,27,30,40
11,16,25,30,35,38
1,13,15,23,32,37
3,16,19,21,27,39
2,4,8,10,15,30
6,13,23,25,27,35
4,8,15,20,22,36
22,28,31,33,37,38
1,3,9,12,21,28
4,15,27,28,35,37
2,10,23,30,38,40
7,15,26,30,38,39
20,25,26,27,32,39
5,6,14,20,27,28
4,13,15,21,29,35
11,13,15,17,25,34
12,21,23,28,29,40
2,14,15,24,35,39
16,19,29,31,32,40
4,6,10,15,23,32
8,11,12,19,27,35
3,9,12,16,39,40
3,28,29,31,33,35
1,27,28,30,31,39
7,10,12,20,30,38
4,6,7,27,30,31
9,12,14,29,32,33
7,10,12,22,35,37
11,12,22,30,39,40
4,5,11,15,30,39
5,8,22,29,35,42
15,16,27,29,30,34
11,17,21,23,32,39
1,5,21,29,33,35
11,17,25,28,38,40
9,23,26,30,35,41
21,23,30,31,35,41
14,20,23,34,36,38
10,23,27,34,40,41
11,14,20,28,35,37
8,11,12,13,16,21
10,11,16,18,22,30
11,16,22,23,29,40
1,14,17,23,26,30
9,19,23,27,31,36
1,5,18,30,31,34
13,14,16,28,30,37
2,8,9,11,26,41
8,23,24,30,35,38
14,15,16,20,22,34
13,17,19,22,30,31
4,9,22,23,36,41
5,9,12,30,40,42
11,13,14,26,31,42
5,24,25,28,30,32
14,16,17,19,20,22
1,3,5,6,24,28
1,18,19,29,37,39
7,11,12,25,37,41
3,9,19,20,24,33
19,23,25,38,39,40
2,11,23,26,40,41
3,7,18,24,35,38
10,12,26,32,35,39
10,15,26,34,37,42
14,16,19,23,39,42
1,2,9,24,33,38
5,7,23,27,39,42
3,16,17,20,22,40
1,10,13,22,26,38
3,5,12,13,19,36
5,11,13,28,37,41
9,19,32,33,34,38
2,15,29,31,38,41
17,24,27,30,31,41
2,9,16,30,38,40
6,8,16,26,33,39
3,12,24,25,33,37
5,8,11,25,31,33
3,17,31,35,39,42
4,10,22,23,37,38
1,26,28,30,38,40
8,12,27,28,30,32
24,30,33,37,39,42
8,14,15,19,24,29
5,16,18,21,23,25
2,5,28,30,32,36
3,4,8,20,33,36
14,19,20,23,35,39
1,2,9,29,33,41
7,22,24,26,36,37
3,4,25,29,30,34
2,8,15,17,25,41
1,28,29,31,34,36
10,17,18,24,35,38
3,4,15,31,36,40
1,11,18,27,40,42
7,11,16,27,35,42
2,7,8,29,33,39
2,8,21,26,32,38
9,18,19,27,32,33
1,7,13,24,28,30
14,15,26,27,38,41
2,4,13,18,28,32
1,9,11,17,37,38
3,6,17,18,29,32
6,14,20,33,40,42
5,8,29,34,36,40
18,22,24,26,35,36
3,4,5,16,21,31
8,15,26,28,35,41
7,11,12,21,29,37
19,27,29,33,39,41
12,18,20,32,34,37
4,5,17,37,39,42
15,16,17,31,32,37
1,2,9,15,18,23
3,6,10,13,27,37
4,15,23,25,33,35
1,11,30,36,38,39
17,20,21,24,28,34
1,3,5,16,20,33
9,15,17,32,35,39
3,11,28,30,36,41
9,13,20,21,26,41
4,8,18,21,27,33
3,8,13,15,24,39
3,12,20,29,36,37
11,17,23,27,33,40
3,16,20,22,29,31
5,6,14,21,30,37
1,7,16,19,35,42
1,3,23,29,34,38
9,12,29,30,37,40
9,14,16,24,27,38
10,18,28,29,31,33
16,21,22,23,27,40
2,14,21,24,25,40
12,14,16,18,25,40
2,3,11,24,25,29
6,16,22,34,38,42
3,8,10,31,33,41
11,19,21,31,33,35
1,3,9,19,37,42
6,7,21,27,37,38
17,18,26,28,35,42
1,11,25,26,30,41
16,27,29,30,31,39
2,5,12,20,24,28
4,19,26,27,30,40
3,17,20,35,37,40
7,11,24,28,37,40
5,20,27,29,34,40
10,12,14,23,24,40
2,3,14,28,39,41
1,4,22,31,36,42
5,17,19,30,33,42
15,16,18,21,33,38
1,11,17,29,37,42
7,9,15,19,20,22
15,28,33,35,39,42
2,7,9,12,18,31
4,7,8,28,37,38
6,12,16,19,31,36
5,13,22,35,38,42
1,4,6,10,39,42
9,10,13,30,31,40
2,5,30,34,36,38
4,13,14,21,25,33
11,15,17,19,29,30
2,11,12,13,19,40
10,15,17,22,32,37
6,7,16,25,27,29
27,28,29,35,39,41
7,8,11,12,23,42
20,23,26,28,32,39
3,6,12,14,23,34
14,24,29,32,39,41
7,20,21,31,39,40
5,11,20,32,34,39
2,3,7,16,38,39
1,5,11,17,22,31
1,2,29,35,40,41
2,12,25,31,33,35
1,4,8,9,27,33
2,6,18,26,31,34
9,20,27,31,37,39
2,5,13,15,17,19
15,26,27,28,37,39
11,12,15,25,30,32
4,7,25,28,40,42
8,26,33,35,40,41
4,15,24,25,26,27
4,11,12,22,24,29
13,16,17,18,28,30
3,4,8,10,16,28
8,10,14,20,29,40
22,23,24,25,28,40
10,20,26,31,32,39
10,11,19,25,32,36
8,9,17,25,36,42
4,7,10,21,26,27
6,8,17,18,21,23
8,16,21,26,29,36
3,13,15,26,33,36
2,6,22,24,32,37
7,10,28,30,31,32
1,4,11,28,36,41
8,15,29,30,34,39
10,17,25,33,35,37
3,5,16,26,28,40
2,3,4,7,11,17
7,9,33,35,39,41
7,17,21,32,33,39
5,17,23,25,26,38
12,26,29,38,39,42
7,11,23,26,30,42
4,14,20,21,22,34
3,17,30,32,37,40
1,12,16,21,27,35
11,15,21,25,27,35
4,11,14,15,16,37
1,11,16,27,31,37
15,20,28,30,34,41
4,23,25,33,34,39
3,15,19,27,29,34
1,3,20,25,33,40
4,6,27,28,34,36
11,21,25,28,31,40
1,4,19,22,26,35
1,2,7,27,33,36
19,22,27,35,37,41
6,21,22,28,30,31
2,10,19,21,37,40
10,12,15,16,18,23
6,15,17,21,31,42
9,11,21,26,30,33
3,4,13,24,32,35
3,6,14,19,20,22
4,6,28,29,31,38
5,9,14,30,37,39
4,6,18,19,20,41
7,17,19,29,38,40
4,6,8,14,29,30
7,16,17,19,20,28
17,19,20,31,37,41
3,19,25,32,36,39
4,8,11,15,33,37
4,9,11,17,29,31
7,10,11,19,21,44
29,30,31,39,41,45
1,8,11,15,19,33
3,4,15,16,17,19
5,16,20,29,34,45
3,7,14,17,42,45
10,14,19,24,35,39
3,7,19,22,39,41
1,4,8,13,15,35
3,11,14,23,24,40
2,20,22,24,32,37
15,18,24,26,28,35
7,8,16,36,41,42
3,5,12,31,38,43
2,16,23,24,34,40
6,10,17,29,32,36
9,16,21,26,28,39
28,30,32,35,38,41
12,20,30,31,35,41
4,12,28,34,37,38
8,17,21,23,24,27
9,17,24,34,35,44
3,7,8,13,23,36
10,20,21,28,41,45
17,21,34,36,38,41
10,16,23,26,32,35
8,12,20,26,35,40
3,16,21,26,28,35
9,13,18,31,35,42
9,13,20,41,42,44
2,8,19,29,33,45
6,11,14,16,26,33
1,22,27,29,36,37
4,8,14,27,31,34
14,18,22,31,33,39
10,18,24,36,39,43
10,19,31,40,41,43
7,11,14,20,35,44
6,28,29,30,35,43
2,3,6,11,22,24
3,6,12,22,26,39
1,14,15,31,35,38
14,26,27,31,32,34
1,12,17,18,28,30
5,19,25,33,34,35
2,8,20,21,31,37
3,6,24,28,36,40
3,18,26,30,35,44
7,14,18,19,30,38
4,10,11,18,25,39
6,27,29,34,37,44
8,13,17,19,20,22
1,8,15,35,38,41
1,3,20,30,32,41
1,4,7,22,34,42
7,13,15,20,34,45
5,21,27,29,32,35
1,2,9,10,12,33
2,3,8,20,32,38
9,14,19,25,34,35
1,12,13,19,25,40
9,11,15,23,24,39
4,12,15,16,24,31
3,18,23,27,31,42
3,14,25,29,42,44
21,29,34,36,43,44
1,2,9,17,31,36
6,22,28,30,38,39
11,12,22,33,44,45
7,9,12,19,32,43
9,12,31,40,41,43
6,7,15,37,41,44
10,32,36,38,40,44
9,11,15,25,35,44
4,5,16,23,28,38
4,20,25,28,29,34
1,20,29,35,36,39
2,6,8,35,41,42
6,11,27,29,33,37
13,15,19,22,36,40
4,9,17,20,36,39
2,9,10,11,28,32
10,15,20,27,33,39
11,15,16,39,40,42
24,25,26,31,34,39
6,7,9,15,20,28
7,17,20,28,35,42
8,11,14,19,22,34
1,4,13,25,31,42
6,13,28,30,39,43
22,26,27,29,40,43
1,4,12,15,22,31
4,24,26,33,38,42
6,13,17,24,30,39
2,3,12,17,20,40
3,6,7,10,11,38
19,20,23,25,32,35
5,18,26,34,36,40
17,30,32,33,37,42
4,9,11,13,20,23
3,12,16,33,40,41
1,12,20,32,42,45
12,19,24,28,32,44
2,22,35,38,39,45
1,8,20,25,27,29
11,18,21,31,43,44
3,6,19,30,32,44
1,4,34,38,41,44
1,8,11,12,33,35
2,11,14,27,28,39
7,21,26,34,37,43
14,15,22,35,39,43
2,13,27,29,42,44
2,4,8,11,17,29
25,28,29,35,38,42
7,19,21,28,33,34
10,12,17,20,23,34
13,31,36,37,39,44
4,10,31,34,39,41
18,29,31,39,41,45
1,22,27,29,40,41
3,12,14,34,41,43
17,24,25,31,38,41
3,9,17,25,39,45
2,9,10,13,25,45
8,21,29,33,36,42
4,9,12,24,31,40
7,8,18,29,34,35
7,10,12,21,24,44
11,12,15,17,27,39
5,6,17,20,22,25
10,14,17,19,35,41
3,12,17,28,41,45
2,8,10,12,34,39
1,7,8,19,21,44
3,8,12,14,37,43
1,4,21,22,27,45
9,14,27,33,44,45
8,14,22,25,31,37
2,10,24,25,32,42
19,20,26,27,33,39
2,7,11,27,31,43
9,19,25,28,34,37
3,6,13,17,19,42
5,13,18,29,33,41
5,7,18,25,28,38
4,11,18,19,32,33
2,9,21,25,31,37
8,10,21,26,33,44
18,27,28,38,41,44
12,16,20,22,23,45
1,2,16,29,30,36
16,17,23,34,36,44
8,14,21,31,32,42
1,9,17,21,26,42
1,13,16,20,25,29
2,6,17,22,26,37
8,18,22,23,29,40
4,7,13,14,29,37
3,11,14,17,39,43
3,5,17,20,25,32
10,23,26,31,36,41
1,4,23,24,26,27
9,14,15,23,25,44
5,24,27,29,40,45
3,8,20,28,37,42
4,9,10,16,25,26
4,5,18,21,25,32
27,37,38,39,43,45
11,12,22,28,30,35
7,21,22,33,39,42
14,16,20,25,26,42
12,25,32,35,43,45
1,15,19,24,36,41
9,19,26,33,38,42
6,12,22,29,35,37
2,6,8,15,33,42
8,9,16,18,26,43
5,18,19,33,36,41
1,3,5,21,24,45
3,14,20,27,31,41
12,23,28,30,35,39
2,7,13,30,34,43
7,17,26,32,35,43
17,18,20,31,41,44
12,20,21,26,29,38
5,8,29,32,35,40
4,5,21,22,31,36
4,16,19,20,32,44
5,12,38,42,43,44
9,10,21,27,33,39
2,3,11,20,41,42
3,11,17,34,38,41
1,8,17,25,28,40
1,7,25,31,41,45
1,3,11,21,34,39
5,10,13,20,24,27
1,11,24,25,26,32
6,12,21,23,38,39
1,7,27,29,40,44
2,7,16,17,38,39
7,15,28,35,42,44
2,5,16,20,37,38
1,7,30,34,35,38
3,20,23,27,30,37
4,17,18,28,30,43
1,3,15,16,27,38
10,12,17,18,19,40
8,9,15,24,26,35
2,5,26,27,36,43
13,14,26,29,33,35
15,21,29,30,31,39
8,11,22,26,30,34
4,10,20,26,28,38
16,18,20,25,36,44
15,17,18,23,25,30
1,3,4,5,34,36
30,32,35,38,43,44
17,21,33,35,42,43
8,16,19,22,35,37
2,16,24,25,29,44
6,9,15,16,37,38
29,31,32,34,37,39
9,26,31,35,43,44
1,4,8,14,19,43
3,10,24,25,34,41
8,17,18,33,40,43
2,24,26,38,43,45
4,12,20,22,27,28
3,15,20,41,44,45
3,4,6,8,19,44
9,18,26,27,36,40
10,12,25,37,40,41
4,5,6,13,39,40
2,8,26,38,40,44
11,14,30,33,35,40
7,10,11,28,31,39
25,27,33,34,39,42
4,5,12,21,29,34
4,19,28,30,36,40
8,10,12,14,20,32
2,6,10,14,34,39
19,27,31,32,36,39
4,6,13,25,27,33
1,7,11,15,33,41
8,11,12,17,19,40
3,16,20,34,36,37
8,15,27,32,38,44
14,19,27,33,36,43
2,3,9,10,13,14
12,14,15,26,27,42
3,9,15,28,34,37
2,25,26,28,29,35
5,9,10,15,24,38
1,5,13,17,28,33
3,4,5,22,23,35
8,21,26,30,31,39
12,19,21,23,28,33
14,15,24,26,35,36
1,27,30,32,37,41
10,17,19,29,36,40
4,8,32,34,41,43
4,13,15,21,27,28
2,15,23,38,39,45
17,24,31,34,38,42
28,30,37,41,43,45
1,6,8,12,15,44
4,6,12,25,33,36
14,16,23,24,27,34
3,18,25,36,39,43
4,7,12,30,34,35
9,11,16,19,24,38
1,7,19,32,44,45
7,28,30,33,37,44
2,10,11,12,22,41
2,10,23,27,35,39
4,17,20,35,38,40
10,18,22,30,31,38
2,4,10,23,24,28
1,3,4,6,22,27
12,14,18,27,28,42
5,8,25,39,42,45
10,17,23,38,40,42
3,4,7,10,15,27
5,14,17,20,21,28
15,16,19,24,30,39
4,8,23,26,37,43
7,13,14,28,32,39
5,9,21,29,37,43
1,17,18,34,39,41
14,20,23,31,36,37
3,14,18,20,28,31
4,8,17,21,31,40
3,12,21,40,41,43
3,5,9,28,36,40
6,10,12,13,16,24
1,8,13,24,35,43
6,8,16,21,24,42
5,6,19,25,27,45
2,16,27,29,36,43
3,7,13,18,19,31
19,27,35,39,41,43
10,20,24,31,34,39
1,6,18,19,29,39
4,22,25,30,34,39
4,11,24,31,34,35
18,26,27,28,40,42
4,10,29,30,35,41
1,2,13,18,29,32
8,10,12,22,26,31
23,25,32,39,44,45
14,17,25,32,38,39
1,4,8,10,27,30
1,8,15,37,40,42
4,7,9,11,31,42
8,11,12,22,26,28
11,16,20,36,43,45
3,9,14,26,30,39
11,15,19,21,23,29
7,14,22,24,25,36
2,7,8,10,14,42
4,16,21,34,36,38
21,25,29,30,31,35
4,11,16,27,37,40
2,7,27,34,35,38
1,4,16,22,33,38
5,24,27,32,39,42
1,6,22,23,32,33
6,19,28,32,37,42
17,21,23,24,28,44
3,9,30,38,40,45
2,16,24,25,26,27
6,14,22,23,26,42
7,13,27,40,41,42
21,22,23,28,35,41
1,10,13,35,40,41
8,18,21,42,44,45
3,8,15,20,34,40
1,5,7,12,15,23
1,5,9,11,44,45
2,7,19,21,27,45
5,6,11,29,37,41
12,16,25,27,32,45
2,3,8,17,25,30
12,13,27,32,40,43
3,5,6,22,24,36
12,17,20,23,39,42
7,17,21,31,33,40
6,11,15,17,37,39
9,14,18,26,30,45
1,6,14,34,40,45
2,5,14,15,27,32
18,22,23,29,33,44
12,14,18,20,23,37
4,7,11,36,39,45
1,6,21,26,27,33
2,9,14,16,21,38
1,16,24,28,34,40
9,12,15,22,24,26
8,17,21,35,37,44
3,6,27,32,37,43
3,10,18,21,27,41
9,12,30,32,40,45
1,14,24,29,42,43
11,13,14,15,19,23
3,4,8,12,20,30
5,6,20,26,33,44
9,18,26,30,33,39
7,14,27,31,43,45
2,5,14,16,24,32
5,7,13,18,19,34
2,6,7,16,29,38
5,7,13,14,18,19
6,8,10,14,23,30
9,20,25,27,40,42
14,31,33,36,39,41
1,6,11,20,27,34
10,12,14,18,22,24
8,19,25,26,43,45
1,24,32,37,38,42
2,4,26,30,34,43
2,3,25,28,38,39
6,9,20,29,34,39
4,8,17,27,40,43
16,17,32,36,41,43
20,24,34,35,37,42
16,20,25,30,40,42
8,12,18,19,37,43
3,7,8,13,28,41
3,13,23,29,36,37
22,24,29,34,35,42
3,5,12,14,23,28
3,8,19,27,32,38
7,17,18,20,24,28
2,16,17,21,24,32
3,5,12,27,28,39
14,16,23,26,32,33
25,29,32,35,36,37
11,13,20,32,36,41
6,8,20,39,41,42
13,15,17,32,33,35
9,12,29,36,40,41
3,7,20,27,28,34
2,6,10,13,17,29
3,5,16,33,35,43
4,6,25,33,37,41
12,13,15,22,34,42
3,9,12,19,24,33
8,10,12,15,27,32
2,7,22,26,42,43
10,13,14,24,31,38
13,28,32,37,39,42
9,17,30,31,36,41
1,4,19,24,27,39
8,26,30,32,39,42
6,7,18,31,37,44
1,5,6,30,32,34
3,10,21,24,34,39
7,8,11,24,27,41
4,18,19,30,36,45
6,17,28,32,39,43
1,5,10,17,23,27
24,26,27,28,30,42
4,13,27,30,40,41
7,12,18,20,30,31
15,18,22,29,39,44
1,5,12,19,24,32
2,4,22,23,25,37
6,13,20,27,29,40
4,6,10,24,25,38
3,6,14,20,26,33
8,10,20,33,40,42
3,18,30,31,32,33
10,11,16,18,32,38
1,2,18,36,38,42
3,6,9,26,39,41
3,14,17,33,34,40
10,12,15,21,28,40
9,29,32,35,37,39
14,24,25,26,27,39
8,13,20,21,22,43
3,7,8,11,16,23
4,5,13,16,37,40
1,4,18,37,38,40
2,12,14,16,20,43
2,6,7,16,32,42
8,16,20,22,37,45
21,22,26,29,30,33
16,20,22,23,24,25
10,12,15,17,34,35
3,4,12,19,21,37
6,8,19,20,30,39
3,4,16,18,24,32
4,11,26,30,33,45
3,7,21,24,39,45
6,11,19,29,33,36
1,2,5,14,19,30
4,14,25,33,38,44
1,13,17,20,28,32
5,23,25,31,32,44
12,19,23,24,29,44
2,10,22,30,33,38
7,13,19,21,37,38
1,13,22,26,36,45
3,10,15,20,38,40
1,6,17,20,23,30
1,14,16,17,26,33
12,16,17,23,26,35
4,7,10,19,42,44
12,13,18,22,34,40
2,10,18,22,26,45
11,17,18,30,39,42
10,21,23,27,38,40
6,10,14,25,26,30
4,8,11,20,28,31
5,8,13,23,27,44
1,11,19,27,31,33
7,12,20,37,38,41
4,7,17,18,29,45
1,8,40,41,42,43
1,8,16,23,36,37
2,10,20,22,31,32
3,10,15,18,31,37
9,14,18,19,22,29
9,20,29,39,42,44
2,12,26,27,40,45
3,9,10,17,27,41
1,6,31,37,44,45
3,9,17,22,27,38
19,20,29,30,35,43
5,12,21,24,31,35
4,10,21,28,29,35
4,14,15,16,17,33
11,21,29,33,40,41
10,14,15,16,23,29
6,7,9,15,35,43
1,3,6,10,27,30
3,11,15,25,35,36
10,11,22,27,38,39
4,17,23,27,32,45
5,6,24,26,27,43
5,9,19,20,32,44
5,10,11,14,22,28
2,11,21,41,42,45
14,16,22,29,36,41
1,22,24,28,39,42
8,9,16,21,24,33
10,11,26,27,33,35
3,4,5,9,15,22
5,11,13,15,35,36
2,3,9,14,22,44
7,18,23,25,38,44
6,8,10,34,39,41
14,27,33,38,43,44
9,24,28,31,35,39
3,4,5,15,38,45
1,4,12,19,41,44
16,23,26,27,33,40
9,12,20,33,36,42
19,26,30,35,36,45
7,10,11,22,33,41
4,13,15,21,26,27
18,19,22,31,39,40
6,17,33,37,38,44
2,21,25,28,32,43
3,13,18,21,30,35
2,4,22,27,28,44
2,3,7,34,38,43
3,5,21,26,37,40
1,4,30,32,34,36
1,10,20,24,30,42
1,3,14,18,23,25
2,3,4,7,34,43
3,7,10,15,27,42
8,17,32,35,39,44
7,14,19,26,28,34
4,9,10,15,37,44
3,15,32,34,35,37
11,21,27,36,42,45
2,8,13,22,42,44
4,8,15,22,24,29
9,10,21,24,27,41
8,16,18,21,23,32
15,20,27,37,40,41
14,20,24,36,38,44
4,7,9,16,18,24
14,20,33,34,36,44
4,16,21,37,39,43
1,2,5,12,24,45
8,26,27,37,39,45
2,10,15,19,43,44
13,30,35,36,40,45
4,7,8,21,23,24
5,6,15,16,17,40
9,14,19,23,41,44
1,2,13,15,30,31
16,19,29,30,36,37
16,18,20,21,22,35
5,7,8,10,20,42
12,36,38,41,44,45
5,6,28,31,35,42
1,6,7,17,37,42
6,19,22,35,37,40
10,15,18,19,20,23
2,15,22,23,24,36
3,9,14,22,34,44
2,17,22,25,36,45
4,8,10,13,31,39
6,14,16,19,28,31
2,11,14,16,23,27
8,18,34,35,37,39
19,25,28,34,39,42
1,23,24,29,31,38
1,18,20,27,31,37
2,14,23,26,34,38
1,8,15,31,34,35
8,10,23,31,39,44
12,19,27,29,31,35
1,5,14,17,37,45
8,19,26,28,29,40
6,14,29,33,35,39
4,19,26,30,33,39
11,12,18,26,27,40
4,9,21,23,25,45
2,9,14,20,21,30
1,16,17,19,21,36
7,14,19,25,33,43
1,7,10,13,34,38
15,18,34,36,40,43
2,14,16,33,36,37
2,4,12,18,30,39
3,16,17,25,27,31
5,6,12,13,28,35
1,11,28,29,33,42
5,24,35,39,41,42
5,17,18,36,37,40
1,16,26,28,39,41
5,10,16,25,33,34
3,5,8,22,25,28
4,7,24,29,31,32
6,8,9,10,30,36
2,6,10,21,27,37
12,13,31,33,36,39
1,16,17,28,29,40
8,16,31,35,36,44
4,6,13,21,24,26
5,6,17,20,25,34
13,19,27,30,33,40
12,32,34,40,41,43
8,12,16,19,24,40
5,6,14,19,23,32
11,23,24,32,33,38
2,3,17,20,25,43
6,22,26,28,33,41
2,17,26,34,36,42
8,12,22,32,37,42
13,19,25,36,41,44
11,13,17,19,22,26
4,12,14,21,31,34
15,25,28,31,36,40
14,23,32,35,39,44
8,16,23,28,30,41
10,13,19,23,36,40
8,10,21,23,32,33
2,15,18,24,34,37
9,23,25,29,31,41
11,13,22,26,29,34
25,34,37,43,44,45
5,15,38,39,40,43
5,7,11,15,28,35
1,4,7,25,29,40
10,12,20,22,42,45
7,16,18,20,34,35
1,7,10,14,27,40
3,4,14,25,33,42
1,26,31,40,41,43
5,9,13,23,36,40
13,14,17,21,29,31
7,14,19,21,33,38
3,12,17,28,29,43
7,16,21,25,35,42
17,20,24,25,32,43
4,8,21,24,33,37
2,7,11,15,16,25
7,8,9,13,15,17
5,16,22,27,31,46
3,14,20,24,26,40
5,9,16,18,20,35
1,11,15,24,33,43
6,7,15,20,26,44
2,6,20,42,46,47
2,26,33,40,43,45
8,24,36,39,44,45
16,17,22,30,36,41
9,11,26,37,45,46
6,7,21,23,24,32
3,6,13,15,32,44
10,12,15,25,27,38
8,14,28,33,41,43
5,6,19,30,36,44
5,19,22,33,34,42
4,6,19,40,43,46
1,16,22,25,26,47
1,10,19,27,36,37
2,3,5,17,32,42
13,26,28,35,36,38
7,9,10,31,43,45
14,21,36,39,46,47
4,6,18,20,22,44
7,21,30,31,43,45
3,12,16,20,22,25
12,24,27,28,30,33
2,22,25,30,36,37
9,23,26,30,31,40
8,10,14,17,27,45
5,11,12,36,40,43
7,17,23,24,30,32
6,10,28,29,38,43
10,20,29,32,33,47
15,16,17,23,24,26
3,14,17,24,35,45
3,9,10,17,42,43
2,18,26,32,33,36
5,9,12,22,26,36
20,27,29,30,37,38
14,19,21,30,44,46
4,14,26,33,37,38
3,4,5,8,10,15
2,5,11,15,32,37
8,9,10,15,44,46
3,5,23,29,39,41
6,7,8,29,42,47
1,2,26,39,40,46
4,12,18,27,30,32
9,11,14,18,23,29
4,20,23,31,35,45
1,4,15,16,20,40
9,12,21,25,30,43
11,14,22,23,25,36
2,25,28,30,40,41
11,19,23,29,37,45
2,4,9,16,37,47
9,11,14,20,40,43
22,25,33,35,46,47
9,14,15,21,24,40
16,26,28,30,33,38
2,5,13,38,39,42
9,14,20,24,29,44
12,17,26,27,33,45
2,12,16,37,38,42
2,28,39,44,45,46
12,14,20,29,36,41
5,12,14,27,33,37
4,8,12,13,34,47
29,34,37,39,40,43
8,10,14,27,28,29
2,11,25,26,30,34
1,5,14,27,29,39
9,14,16,24,29,35
4,8,9,36,39,41
20,24,28,29,32,34
7,19,21,24,32,39
1,9,16,18,36,40
7,21,23,26,32,34
3,8,9,21,34,36
6,9,15,21,28,43
1,22,23,39,45,46
15,24,26,28,32,44
2,29,35,40,41,46
4,9,16,25,36,46
3,5,10,18,22,43
6,13,18,21,25,39
1,3,9,10,36,42
2,4,13,18,22,45
1,2,3,8,40,46
5,10,16,22,30,37
10,16,21,22,31,47
4,15,17,19,29,39
12,19,31,35,41,43
1,27,32,35,37,41
3,7,10,15,37,38
7,10,11,14,16,21
14,15,16,28,30,44
1,11,14,27,30,32
5,9,23,27,28,42
2,4,8,19,36,37
6,15,22,29,36,40
6,24,25,35,39,47
14,25,31,35,42,46
31,34,37,42,44,45
7,8,17,26,39,45
12,20,27,31,38,40
3,16,18,22,38,45
10,11,19,28,37,38
17,30,32,38,39,42
1,4,7,9,17,18
3,14,18,26,28,41
5,10,16,19,20,30
6,23,26,34,35,42
1,12,17,19,22,34
1,3,10,14,33,45
3,13,19,35,37,46
6,10,17,25,28,34
14,15,17,37,40,45
2,15,16,22,28,36
12,16,27,33,34,37
16,21,24,32,37,45
2,9,22,26,30,36
3,8,28,32,42,43
2,4,5,27,29,40
19,31,35,37,38,42
12,18,24,30,34,35
3,17,22,29,34,38
3,15,16,19,32,33
8,10,18,26,42,45
6,9,28,30,42,47
2,6,14,26,33,42
2,7,18,29,42,45
1,27,37,43,44,47
6,9,14,15,31,47
5,8,19,28,32,33
9,10,14,30,32,41
1,15,27,34,42,46
6,24,28,31,38,45
8,22,24,26,37,43
8,12,24,26,29,42
5,8,14,25,31,32
6,11,18,24,27,29
7,13,21,27,35,41
14,16,24,25,35,38
14,23,25,29,35,41
2,4,14,32,34,41
7,15,23,26,29,34
3,5,24,37,38,45
14,16,24,25,27,33
7,17,29,35,36,47
9,18,20,24,37,39
3,12,24,33,40,46
7,14,30,35,41,42
1,2,5,19,26,40
8,11,13,40,42,44
19,22,27,28,29,46
9,13,17,18,22,41
21,25,36,42,43,45
3,17,21,23,34,37
4,7,14,20,30,47
5,8,12,16,40,47
9,13,22,34,36,43
14,19,24,30,36,45
5,10,22,35,37,39
9,15,31,32,41,47
4,8,11,32,33,35
1,25,26,33,43,44
3,4,11,22,27,43
13,19,25,34,35,45
1,13,20,26,31,45
4,11,22,29,30,45
9,13,14,16,17,30
3,11,17,25,28,43
2,8,9,15,17,37
1,6,28,30,31,33
11,15,24,25,26,32
29,30,32,35,37,44
12,19,25,27,32,34
2,19,23,26,27,46
1,10,12,23,33,42
1,16,17,20,22,40
20,22,23,41,43,46
5,22,24,26,29,47
19,25,30,36,37,40
2,14,15,24,34,43
2,17,19,34,45,47
1,15,22,28,34,46
5,11,15,18,36,37
6,7,12,44,45,46
15,17,19,21,33,37
2,6,16,22,24,31
7,13,25,28,32,46
3,7,30,35,38,47
1,22,23,34,42,47
11,12,20,27,42,45
5,24,26,29,32,38
11,22,23,30,42,45
4,13,17,23,33,41
11,24,37,38,43,46
4,12,19,27,34,39
2,12,15,16,26,30
2,6,24,33,34,39
13,17,25,26,37,38
2,7,12,15,28,31
1,15,18,32,36,43
3,5,7,20,37,46
4,16,19,33,34,47
1,3,7,8,12,39
11,18,23,29,35,39
22,23,24,28,29,39
5,13,18,23,33,41
3,5,12,29,36,45
7,19,27,33,35,43
4,5,15,36,38,39
4,12,13,21,28,42
2,5,9,29,32,43
11,25,31,35,44,47
4,29,30,35,43,45
1,6,22,30,32,45
9,20,22,28,39,45
3,8,12,28,35,39
5,8,12,23,24,44
2,13,24,25,26,27
20,22,30,32,35,36
2,3,22,24,25,41
1,3,5,14,18,23
3,17,24,34,35,40
1,16,28,32,36,38
16,22,25,26,40,46
2,15,21,28,36,41
1,14,27,31,35,42
16,17,26,30,34,35
12,15,17,29,46,47
10,15,18,35,38,39
18,19,20,23,43,47
27,28,40,42,43,47
4,7,14,18,19,34
14,21,23,39,42,46
1,12,15,17,21,22
5,24,33,34,36,44
2,17,20,22,29,33
6,8,13,35,45,47
5,11,14,26,31,40
8,9,12,23,26,34
4,5,12,40,44,46
4,12,39,41,42,43
3,14,15,21,32,37
12,17,19,31,37,38
5,20,22,30,31,33
11,15,17,19,39,47
3,8,9,17,27,44
9,18,21,31,40,47
11,12,30,37,41,45
1,8,15,27,38,40
4,5,6,17,34,37
1,11,18,19,21,34
2,13,14,20,28,43
7,11,25,33,34,42
18,28,29,31,35,40
10,22,26,27,32,41
2,9,24,27,30,32
29,34,36,42,44,45
19,23,31,42,45,46
1,7,23,32,33,38
1,5,6,7,8,13
10,17,23,34,40,41
1,6,8,10,32,41
1,11,26,33,34,36
4,6,7,32,44,47
8,13,31,33,35,41
4,13,27,30,42,43
3,7,33,34,35,40
11,12,15,26,38,47
4,12,22,24,27,39
6,25,30,38,39,41
9,17,25,27,28,44
4,11,30,31,33,40
1,12,19,25,26,38
8,18,32,33,38,45
2,8,10,16,34,40
22,28,31,32,33,35
8,11,20,22,30,47
22,28,34,36,39,46
6,8,16,20,32,36
14,17,18,30,38,39
13,17,27,42,43,44
7,12,22,24,38,45
4,9,18,22,29,36
4,11,23,32,33,45
4,5,25,37,46,47
2,13,19,29,33,39
1,6,11,13,17,19
8,11,21,23,32,33
2,3,8,18,29,38
5,9,38,39,45,46
2,3,5,11,20,21
10,20,25,31,36,46
15,23,25,27,30,44
2,18,22,25,26,31
5,25,31,36,44,45
11,13,15,20,33,45
12,13,28,31,33,42
7,12,15,17,19,37
5,8,10,28,30,41
7,12,17,26,35,36
3,7,8,10,25,41
9,11,15,16,19,40
4,5,26,28,36,41
5,13,31,33,37,39
12,16,22,32,37,44
11,17,21,28,35,38
1,4,11,18,23,45
8,10,13,21,28,40
6,7,27,36,41,44
19,21,26,33,37,42
3,8,9,11,17,32
5,13,22,28,34,39
9,12,25,33,37,41
8,12,16,17,20,26
8,15,17,22,25,39
16,17,26,29,31,46
5,23,33,37,44,47
3,6,14,26,29,31
14,19,26,34,43,44
6,11,14,22,38,40
4,11,24,25,38,39
9,14,19,23,33,39
8,18,26,42,44,47
1,5,11,14,17,18
4,7,29,35,45,46
2,5,7,13,30,33
16,19,26,43,44,47
7,8,31,32,33,46
22,35,39,41,46,47
8,17,27,31,36,43
6,12,18,22,25,38
7,8,16,31,35,45
15,22,25,26,35,47
8,14,25,27,36,38
13,19,23,28,35,40
4,13,20,29,35,37
2,6,12,18,19,31
18,21,23,24,28,39
9,13,16,29,31,32
7,15,16,24,44,47
5,15,24,37,41,44
13,16,31,34,36,45
8,11,25,28,29,42
11,17,25,31,38,40
11,12,13,26,28,43
4,6,20,29,30,36
7,10,21,35,41,42
6,14,27,29,33,44
6,14,17,18,34,47
4,10,30,43,45,46
1,8,12,25,38,42
19,22,24,28,30,34
4,15,17,38,42,47
5,17,26,32,44,46
5,6,21,24,43,45
2,12,18,27,36,38
3,13,41,44,45,47
3,7,8,28,33,41
7,18,26,31,33,36
6,17,23,33,36,39
1,16,27,30,37,41
7,15,23,25,32,34
2,19,30,42,44,46
14,15,17,28,41,44
3,13,20,29,35,42
2,8,30,33,36,42
1,30,31,32,37,42
6,9,20,21,30,35
5,9,10,18,28,38
5,9,19,25,27,47
13,15,21,27,40,45
2,7,8,9,17,29
6,7,23,28,45,47
8,14,15,17,33,39
24,31,33,39,40,47
1,3,5,9,20,31
3,14,15,21,23,31
4,16,19,39,46,47
1,9,26,43,45,46
12,24,30,31,32,41
10,14,16,26,29,40
19,20,28,38,43,44
6,21,24,27,35,39
8,21,23,25,31,36
1,5,18,19,25,44
10,25,27,28,39,47
8,30,32,36,37,38
13,25,27,36,40,45
3,5,10,12,31,39
10,17,28,33,38,46
4,14,25,29,38,44
1,7,13,17,23,42
2,20,21,23,28,32
2,29,32,42,44,47
4,14,17,21,36,45
1,8,13,18,33,47
10,18,26,27,39,47
5,22,25,33,43,47
1,3,11,15,23,40
11,12,13,14,35,44
2,15,18,34,38,39
16,17,29,30,34,39
10,28,32,34,42,45
20,21,39,40,44,45
10,19,25,27,31,44
3,6,11,14,27,28
12,15,18,24,29,35
5,28,29,31,42,46
5,20,23,28,38,45
2,9,12,20,41,46
2,13,18,33,43,44
3,7,16,21,34,41
13,18,25,28,36,44
4,20,25,30,35,38
3,8,13,23,33,41
8,26,35,38,40,41
19,20,29,34,41,45
1,11,25,35,39,46
4,5,8,9,18,46
1,12,21,22,26,32
3,6,7,19,27,44
14,15,19,41,45,46
24,30,33,38,41,46
5,6,9,11,25,40
8,9,15,23,32,38
19,30,31,39,40,41
17,18,20,28,31,41
1,8,15,19,29,36
7,9,28,32,33,34
5,6,24,33,36,45
4,13,24,27,39,41
6,19,24,28,32,47
22,29,31,35,36,44
7,17,21,24,26,46
3,4,13,21,29,38
8,11,13,19,25,42
10,12,14,28,32,46
7,10,12,15,33,36
12,13,25,29,32,46
5,13,24,25,31,33
6,8,22,31,36,39
6,18,23,26,32,33
6,8,9,16,17,20
5,6,8,19,23,42
14,30,33,34,39,41
27,28,33,36,45,46
21,30,35,36,40,43
5,14,20,25,39,41
4,15,18,19,38,40
1,7,11,17,18,25
4,9,19,23,29,44
1,15,30,34,37,40
12,19,21,26,30,39
15,17,18,22,30,47
7,12,17,27,30,33
3,4,16,25,31,33
4,6,18,23,24,46
19,22,23,32,44,45
4,13,17,28,45,46
4,6,8,10,12,25
12,16,24,27,41,46
22,23,24,25,32,43
6,7,28,29,30,45
15,17,23,27,31,43
16,20,21,24,26,28
6,12,15,35,38,39
9,15,24,29,32,34
1,13,15,24,38,44
3,15,17,30,33,46
2,3,9,33,40,41
13,15,37,39,42,43
10,17,19,26,30,44
22,30,32,35,38,47
2,9,12,18,41,44
3,8,9,17,34,36
2,4,10,16,25,43
9,16,22,26,30,47
1,14,26,27,40,42
5,6,16,21,25,33
6,9,10,23,35,36
3,11,22,29,34,39
4,9,10,14,34,40
5,10,11,24,31,33
3,11,14,26,39,44
4,22,24,30,33,41
6,7,9,14,29,33
1,4,9,18,19,23
1,2,8,9,20,47
5,11,23,24,39,41
8,16,21,24,32,44
10,19,24,33,35,36
1,4,11,22,30,39
4,12,14,26,27,35
5,34,37,39,42,43
13,20,35,38,44,45
6,16,18,19,29,37
2,9,14,26,35,39
3,8,11,14,24,41
5,12,15,30,43,44
10,20,35,43,45,46
4,21,22,37,42,45
4,27,38,42,43,47
11,18,24,30,34,37
8,28,29,45,46,47
7,12,13,17,36,42
9,12,14,22,29,43
18,21,23,28,30,32
5,9,18,20,41,44
2,11,16,29,40,46
1,10,24,25,43,47
1,13,18,37,39,40
9,19,20,28,29,35
8,13,20,27,37,38
7,19,26,36,37,42
3,8,9,26,31,43
11,18,20,26,28,47
9,11,13,23,30,44
5,9,19,32,39,45
4,7,10,11,21,45
7,10,25,27,33,41
14,33,36,37,39,44
3,12,15,18,23,34
12,15,27,36,37,46
4,6,28,30,36,39
5,7,18,19,46,47
14,18,26,27,33,41
1,14,21,36,42,46
8,19,25,32,41,46
3,20,28,37,41,42
3,5,15,17,34,37
1,13,24,29,34,47
1,11,14,26,39,46
10,11,19,23,39,44
5,7,10,12,18,39
6,24,36,37,41,45
1,12,13,29,37,40
9,10,12,18,31,37
4,16,19,25,34,44
8,19,32,37,44,45
2,8,14,21,26,27
1,20,22,33,35,45
1,8,14,29,33,44
11,23,29,33,36,45
14,15,19,24,32,39
12,16,23,27,35,38
4,11,15,28,29,40
7,17,21,26,40,45
2,4,20,21,22,39
9,15,31,33,38,41
2,24,25,32,35,45
1,2,13,14,21,47
9,26,28,33,35,46
1,5,9,23,30,41
3,12,24,33,34,45
9,16,21,25,32,33
4,5,6,21,25,27
13,21,25,32,33,37
2,8,17,20,32,46
5,16,20,28,31,38
3,8,10,12,35,37
2,9,14,28,45,46
18,24,27,28,32,36
1,7,14,16,18,47
2,10,21,28,29,44
2,8,10,11,15,21
7,20,21,22,24,34
4,18,31,32,37,40
1,10,13,14,27,35
1,4,8,12,29,34
5,18,28,31,37,45
2,6,7,13,22,26
16,21,28,33,39,46
4,14,17,36,38,47
8,9,15,23,27,34
6,13,15,24,34,44
7,8,9,33,36,37
6,12,14,19,21,29
7,20,27,29,32,44
7,18,27,36,40,43
2,3,12,30,33,36
2,20,31,35,39,45
21,28,29,30,34,39
1,2,6,32,34,42
7,9,20,21,39,43
6,20,21,32,38,41
6,7,13,16,21,46
4,19,31,32,41,43
12,18,22,28,32,38
12,20,25,29,40,41
3,6,12,18,27,30
1,3,9,37,38,42
10,21,29,31,38,41
9,17,31,32,37,46
3,12,18,24,34,43
1,13,20,23,33,38
2,8,30,35,37,44
3,30,37,40,41,44
2,11,15,32,33,41
11,16,32,35,38,39
12,20,21,29,32,47
3,9,14,16,36,41
6,10,19,29,30,36
13,26,27,32,40,43
2,3,21,25,33,46
3,11,13,14,18,21
12,17,21,35,36,43
10,21,28,32,40,42
4,11,13,27,29,35
14,16,31,36,42,43
6,9,26,31,34,44
1,13,16,28,38,45
9,12,21,29,31,33
2,23,27,30,39,44
1,9,18,21,38,45
12,15,27,37,44,45
1,6,8,17,32,47
1,7,8,19,30,37
11,15,31,32,33,43
18,22,29,31,37,41
8,10,17,24,27,38
3,7,15,19,28,29
24,30,36,37,39,41
1,8,16,23,33,40
8,15,18,21,39,45
13,19,26,33,38,46
2,32,34,39,40,45
7,10,14,21,29,30
7,21,26,36,41,46
3,6,13,24,31,37
1,10,11,19,27,37
11,17,18,24,32,38
2,6,8,32,44,45
1,10,12,19,24,39
3,7,16,21,34,45
11,16,22,31,34,41
2,4,13,22,29,42
7,15,26,29,34,42
10,20,26,31,36,40
3,4,5,6,37,46
2,5,9,15,17,44
2,13,16,30,39,40
3,10,20,30,36,38
7,14,35,41,44,45
9,12,31,36,41,43
12,14,22,25,27,40
2,15,33,34,35,44
4,8,15,24,41,45
3,8,12,13,32,42
7,25,29,31,36,43
1,9,13,30,31,47
32,33,36,41,42,43
1,3,6,17,29,34
11,12,19,34,35,39
6,12,29,32,39,44
5,10,13,22,35,41
4,26,31,33,36,38
5,32,34,38,39,49
10,20,21,33,40,44
10,20,26,28,35,48
14,19,23,36,44,46
9,24,25,27,36,38
7,13,14,20,29,32
11,22,24,28,29,38
1,11,29,33,36,44
9,12,25,31,43,44
1,5,6,31,39,46
1,23,25,32,43,44
6,22,25,26,27,45
3,7,11,22,28,36
9,10,11,15,19,28
5,10,24,32,39,49
5,15,26,27,28,35
5,28,29,31,44,46
7,14,26,32,41,49
4,23,24,25,38,40
10,17,36,43,45,47
2,6,16,26,36,41
1,3,8,25,43,46
2,7,12,19,23,49
22,24,28,33,36,39
3,7,31,32,35,47
3,4,23,25,31,44
10,37,40,42,43,46
15,22,34,40,41,47
8,14,16,22,37,46
11,23,32,33,43,48
5,13,19,27,29,35
15,19,25,34,38,44
1,10,34,41,47,48
10,12,15,17,34,42
7,15,24,41,47,49
6,10,11,32,35,46
5,9,20,30,32,42
5,9,18,25,47,48
1,12,14,33,36,37
5,7,16,37,42,44
1,13,18,30,32,46
8,12,19,22,29,41
8,10,14,25,43,44
2,3,8,22,27,28
1,3,12,23,31,48
6,7,29,32,42,46
5,8,9,26,33,38
2,6,14,25,45,49
3,15,22,23,42,47
4,16,18,25,29,41
19,21,40,42,46,47
17,19,26,31,37,43
9,11,14,17,24,28
11,21,27,31,37,44
5,36,37,38,46,49
7,15,16,23,31,35
6,18,39,40,41,42
13,18,23,24,26,33
1,11,18,19,39,40
10,14,22,34,40,43
10,18,19,28,40,44
23,27,26,5,16,6
10,43,12,38,9,26
8,23,22,49,21,17
32,28,33,11,13,7
2,40,39,42,34,36
44,49,16,20,21,43
36,6,38,27,14,23
30,10,25,46,5,41
7,28,8,4,5,6
28,43,12,7,20,27
18,31,11,26,46,4
22,11,28,38,40,23
12,8,24,39,4,40
20,49,19,10,16,40
41,48,13,24,16,1
42,19,13,45,28,23
25,4,21,12,9,34
38,9,44,42,32,33
48,15,40,20,35,45
10,35,39,31,22,20
49,21,3,20,43,2
22,23,35,8,24,10
13,14,39,23,21,42
30,28,23,34,13,42
48,22,21,49,26,37
48,12,43,30,40,17
32,29,21,43,38,41
13,6,47,11,40,24
7,11,33,23,13,31
37,39,15,28,27,9
38,12,45,26,18,34
31,36,26,7,27,14
20,11,14,47,17,42
9,24,2,13,10,15
32,48,7,7,37,1
37,47,49,30,19,41
10,19,35,8,31,3
19,7,30,44,37,34
11,29,32,20,33,23
35,34,9,29,17,20
29,8,36,38,32,31
39,28,6,43,45,40
23,14,43,28,8,17
49,31,27,28,29,1
31,16,47,13,39,19
21,37,47,12,2,49
9,44,30,48,27,33
10,19,44,26,30,32
27,38,31,14,44,3
22,3,11,18,24,37
4,10,24,47,3,26
21,2,37,44,10,22
37,9,40,29,7,26
18,16,32,47,44,14
47,20,39,6,12,5
12,46,1,16,13,36
23,35,1,33,6,21
42,24,28,29,30,49
17,31,28,37,43,14
4,7,5,1,9,27
12,24,30,39,16,21
7,31,10,5,23,34
6,29,9,14,17,2
24,18,46,26,29,30
25,34,14,12,30,35
2,34,11,6,20,5
16,33,36,31,38,29
2,31,17,12,40,37
28,42,17,26,16,40
33,18,9,38,26,6
11,18,21,27,2,20
6,39,3,8,2,25
30,47,13,36,20,16
18,36,9,10,21,45
33,14,31,8,36,42
25,7,37,39,10,21
36,28,27,41,5,6
22,25,17,15,28,16
4,26,17,38,1,44
28,21,7,41,31,12
41,5,1,28,21,35
4,48,13,34,2,49
28,33,47,38,17,42
23,40,31,19,47,44
37,9,16,30,31,32
6,27,36,43,49,38
14,39,42,20,16,40
44,41,24,35,25,47
30,15,43,21,10,7
47,21,42,25,49,7
39,17,10,45,19,11
8,12,4,23,15,33
9,41,18,22,6,31
5,49,28,14,27,6
37,1,4,28,19,49
44,48,37,29,28,25
11,22,34,48,14,24
31,34,18,25,37,35
11,48,39,30,41,13
15,45,7,10,49,38
4,2,46,14,3,44
41,18,48,12,8,23
2,39,25,8,19,3
48,35,15,20,31,10
14,30,1,22,31,19
22,13,33,42,29,6
36,48,13,37,33,11
42,33,44,24,31,23
48,5,17,34,42,19
1,39,47,38,36,22
12,26,3,39,30,41
49,31,39,33,36,3
17,43,22,7,29,34
26,14,39,43,40,33
30,49,34,39,43,48
13,9,31,40,8,48
5,49,3,19,26,32
5,32,28,31,9,6
40,41,13,18,10,29
22,21,31,24,27,42
46,30,41,1,32,29
48,4,45,46,10,43
48,12,43,35,22,29
37,39,44,22,32,20
32,21,31,9,22,17
4,13,15,28,45,49
7,15,20,28,38,41
3,6,9,14,26,40
7,41,25,24,22,40
16,8,4,2,17,3
1,14,39,48,45,9
46,8,49,33,20,36
42,19,34,20,1,43
9,31,35,10,41,26
10,31,21,30,42,26
35,43,14,36,33,23
37,18,10,39,7,23
3,4,36,25,47,2
6,44,21,49,28,36
5,39,17,20,4,28
13,22,21,10,7,23
9,37,45,11,21,27
31,22,26,13,12,11
13,31,7,25,3,33
49,17,47,12,42,9
49,24,1,30,47,23
34,23,31,45,47,43
6,19,22,25,12,9
39,44,46,8,32,36
39,24,48,44,30,43
7,29,46,49,11,15
26,34,19,31,30,4
16,21,29,37,46,47
8,28,33,36,38,47
24,13,37,11,22,7
9,21,48,37,40,13
15,8,7,27,49,34
10,23,49,43,30,21
31,40,45,47,4,18
40,23,37,45,14,27
24,2,19,16,49,48
3,10,20,27,40,46
43,9,39,32,38,27
41,13,47,40,37,33
29,8,6,12,40,32
29,37,49,7,18,28
48,42,11,46,43,26
7,3,20,13,48,36
5,28,18,32,21,9
28,38,24,41,46,48
13,40,3,5,11,6
33,44,29,7,21,23
3,9,14,25,7,44
18,35,16,48,49,2
42,9,37,22,48,40
28,36,13,6,8,3
36,6,7,1,42,12
13,21,18,35,1,3
6,37,38,30,43,31
7,48,32,9,49,18
32,6,21,8,12,43
24,7,8,1,42,6
36,10,22,37,18,34
35,43,1,2,34,20
26,16,35,36,1,31
13,14,32,40,43,48
49,14,37,29,27,7
39,8,27,45,13,40
16,39,27,8,48,40
17,27,47,45,44,16
21,48,34,19,49,22
30,22,1,16,34,5
30,27,39,29,40,42
19,24,36,44,12,27
36,28,37,26,14,23
14,10,36,17,45,30
36,9,19,2,37,30
42,48,1,33,44,30
27,16,23,18,17,5
11,1,45,5,32,22
28,37,21,18,15,17
3,16,4,45,32,19
23,38,47,27,20,40
7,21,30,36,10,3
11,18,42,12,20,27
30,38,41,24,7,20
42,1,33,30,35,3
17,42,30,11,46,14
17,15,40,41,7,28
49,39,36,28,22,31
20,14,23,12,28,13
13,15,43,3,39,44
12,22,14,46,48,4
43,18,19,45,48,33
39,16,32,26,4,24
20,37,6,35,4,39
27,29,17,34,7,30
43,44,7,12,33,20
21,41,5,17,31,27
30,27,48,31,12,34
26,25,33,15,11,24
30,44,45,43,6,24
26,1,49,27,12,36
37,21,23,30,33,14
25,7,19,45,42,18
13,42,38,17,2,33
21,31,30,12,2,5
33,7,13,12,16,9
9,49,7,39,38,22
41,23,15,7,30,34
26,28,3,11,13,12
43,6,30,40,26,34
10,25,16,21,38,15
19,49,21,17,40,35
28,34,44,9,21,30
42,8,21,31,38,29
3,10,36,9,27,31
24,10,46,6,31,13
25,48,16,44,42,26
28,46,4,36,49,43
37,36,31,3,9,45
31,48,37,25,19,3
11,14,46,47,26,6
32,25,24,34,39,1
20,45,36,2,49,48
45,1,10,43,12,16
2,41,37,28,30,15
48,9,5,43,35,38
17,20,34,38,28,47
11,39,36,43,18,32
8,6,20,4,5,38
3,42,10,6,40,14
49,42,30,38,10,45
35,5,11,25,40,6
46,42,27,30,16,24
49,14,10,25,16,9
13,5,26,21,18,20
9,28,21,46,33,13
7,35,5,46,19,13
20,34,37,48,31,15
35,6,26,3,15,7
9,28,18,33,19,2
44,18,23,9,33,49
20,33,19,48,37,2
9,36,21,43,38,49
41,8,21,20,2,40
25,13,19,32,11,16
27,28,8,5,33,46
8,13,16,47,45,42
49,28,42,45,2,18
41,2,16,20,32,35
25,6,41,22,39,49
36,42,44,41,16,1
25,3,33,35,12,7
43,25,40,31,5,2
35,16,2,10,37,45
48,17,4,8,47,39
49,24,8,42,3,7
11,31,28,6,3,8
44,49,27,45,2,6
48,44,25,30,22,2
1,36,21,9,47,35
22,24,25,10,13,2
2,37,14,10,29,5
9,47,21,6,46,13
43,12,38,14,2,39
43,31,17,22,12,11
15,25,29,10,37,34
1,49,5,25,35,24
14,3,40,49,46,5
22,10,36,23,28,9
45,12,17,47,43,33
15,42,49,29,19,11
9,33,35,22,4,30
13,2,38,17,3,14
45,3,27,38,31,9
13,39,30,47,36,12
8,22,2,38,40,36
37,36,21,13,30,16
25,16,8,33,37,2
22,20,21,9,30,48
49,10,9,7,21,39
11,36,20,14,41,4
38,2,35,14,23,16
12,7,45,33,44,18
39,14,17,42,32,3
31,16,47,18,34,23
16,21,6,10,20,5
22,11,42,23,1,18
45,33,49,43,12,39
46,23,28,17,26,22
43,16,24,17,19,11
43,39,20,33,17,4
40,4,39,20,32,42
41,26,48,11,18,10
3,13,37,27,36,29
29,40,48,18,11,22
22,18,7,2,48,5
36,35,5,44,7,15
6,47,15,25,26,18
11,32,22,31,29,42
38,2,21,44,48,29
38,40,15,49,33,25
1,32,25,46,23,30
22,27,36,4,32,16
43,23,32,45,2,4
43,41,9,6,13,21
30,31,4,22,34,24
39,23,6,21,16,10
22,7,34,6,30,18
34,17,49,48,10,18
49,5,6,35,39,17
42,31,14,30,26,5
15,13,29,8,48,28
15,7,22,8,35,49
25,14,6,27,12,30
43,39,42,49,35,25
46,14,13,33,5,45
33,25,42,36,21,48
27,19,47,38,7,1
33,21,5,44,34,45
22,38,9,35,13,39
38,11,9,23,29,33
32,49,13,9,38,48
27,21,37,1,48,11
39,19,24,41,49,2
17,22,8,29,3,13
26,1,36,47,14,3
39,29,5,20,25,13
3,37,20,23,1,33
17,4,26,46,40,9
19,24,48,4,21,14
18,48,34,11,35,7
39,15,9,41,23,20
10,13,8,48,31,14
4,1,33,40,19,34
41,46,39,29,26,16
28,24,42,33,22,34
14,5,27,3,8,35
21,4,5,47,37,26
4,19,12,2,13,42
26,14,19,6,1,30
17,35,43,28,1,20
24,15,14,35,11,20
2,16,36,25,9,38
27,29,45,26,23,30
48,15,25,11,9,44
9,29,48,16,8,24
24,34,35,38,47,41
17,14,3,47,46,41
20,15,42,14,18,38
44,43,30,22,6,10
30,9,31,25,35,37
19,13,5,40,2,49
11,8,37,31,10,24
34,41,2,18,37,30
34,3,10,1,31,35
11,20,38,49,3,13
49,48,3,35,13,10
48,12,7,37,41,8
22,24,21,40,1,13
26,30,23,24,47,49
15,10,9,4,49,14
15,46,2,3,32,30
12,31,23,25,45,44
5,8,13,43,4,1
38,3,45,37,25,16
24,45,26,18,44,13
47,33,41,38,32,10
37,27,32,9,10,45
15,7,3,2,14,1
3,36,31,16,42,9
2,35,22,32,9,41
6,1,33,22,47,14
43,27,19,14,12,34
15,40,4,22,1,44
16,20,30,9,19,43
42,24,8,19,23,18
10,22,36,20,6,19
9,4,43,18,17,31
21,22,11,24,41,9
11,7,31,43,40,2
25,17,38,26,23,24
10,22,46,44,5,38
38,26,28,42,10,1
38,39,21,25,36,5
15,37,36,24,27,25
19,34,1,12,29,32
13,47,11,25,29,38
28,24,26,44,31,47
20,1,7,45,40,34
28,35,6,33,31,14
18,22,27,28,43,23
41,27,30,16,22,39
21,48,35,9,33,22
37,20,4,23,5,3
41,39,40,34,45,19
5,40,41,24,15,12
3,6,13,29,39,49
12,26,15,41,45,30
43,7,34,32,42,22
34,22,3,16,12,29
14,46,12,28,42,10
31,36,24,7,49,15
18,31,35,40,43,39
34,18,37,22,13,31
40,23,10,25,27,14
5,14,22,43,29,1
22,1,7,15,14,45
30,49,11,42,48,2
40,20,30,9,19,39
1,14,19,30,21,13
12,39,48,7,13,25
33,42,4,37,49,27
1,30,43,6,33,13
16,4,23,22,43,8
26,7,20,3,18,32
36,43,42,32,45,26
21,15,3,28,10,1
2,12,33,19,17,30
12,29,39,8,25,45
11,43,14,7,35,38
29,35,11,10,16,30
47,18,45,44,34,28
41,5,26,21,30,36
32,13,28,39,49,44
22,20,29,38,11,9
28,27,44,38,14,11
2,16,9,12,37,40
28,42,46,8,6,11
2,32,24,29,26,33
7,34,37,1,8,30
24,10,6,19,28,47
27,33,45,3,13,18
48,46,3,32,2,47
32,17,23,31,5,28
26,18,43,24,25,22
29,7,12,15,27,49
1,23,14,45,7,48
35,26,23,36,39,43
40,11,31,23,33,32
15,38,20,46,41,44
47,14,1,45,28,41
29,40,38,9,39,27
35,1,22,34,36,47
10,33,16,30,21,48
35,24,44,17,46,12
36,9,29,16,5,47
49,2,31,9,42,29
41,46,34,17,36,48
40,3,5,7,45,18
45,2,6,33,17,42
15,16,24,4,45,22
7,6,5,35,27,18
4,40,17,42,39,5
4,36,5,49,33,48
18,33,36,21,32,37
49,27,12,21,26,10
17,36,19,2,3,13
4,30,47,48,13,42
19,1,4,5,14,13
7,1,16,49,21,9
33,6,30,10,2,13
34,45,30,42,1,46
34,10,1,36,8,9
23,20,9,34,35,45
27,22,39,13,10,32
33,15,6,13,30,26
2,16,24,6,23,20
34,16,10,38,41,23
47,1,43,19,31,21
2,29,35,34,23,37
7,10,46,34,20,30
45,10,9,19,16,32
14,16,1,45,11,8
20,10,24,32,49,28
12,18,15,35,23,38
18,28,26,2,43,13
30,47,18,8,21,23
37,27,17,38,10,19
27,43,3,45,25,28
49,48,8,18,22,34
40,45,21,14,3,11
27,31,43,29,39,36
49,40,37,48,34,14
46,26,45,30,4,35
48,46,34,17,16,3
22,8,48,4,14,41
8,15,25,33,48,5
8,25,14,23,17,12
41,2,40,32,45,43
27,26,12,28,32,46
5,22,41,14,20,11
22,3,25,11,27,33
48,40,1,33,22,43
37,40,13,3,20,34
32,15,18,43,7,9
5,15,22,30,49,42
1,12,23,11,4,2
5,35,9,45,1,19
9,32,16,42,35,5
28,22,4,1,17,27
6,47,8,40,22,39
22,9,10,26,38,5
49,16,41,3,36,20
5,33,36,22,40,29
11,29,44,15,9,35
26,42,3,24,18,43
28,48,30,29,12,44
17,13,5,41,8,26
28,44,33,42,7,35
44,6,1,35,28,13
39,5,28,7,35,36
45,38,11,42,41,22
21,38,36,2,34,22
13,48,10,31,18,21
8,36,20,49,14,34
44,35,10,32,3,12
14,10,40,49,34,11
35,3,26,7,31,16
6,19,41,32,49,10
35,36,7,18,30,49
23,36,21,35,6,10
9,27,31,35,8,5
32,25,22,10,44,34
20,45,46,21,41,38
5,10,40,8,27,34
21,28,24,48,22,43
39,15,41,6,26,30
37,47,15,14,29,2
13,21,17,22,9,33
11,32,48,5,33,17
5,48,35,28,46,49
31,34,16,39,42,29
11,3,14,27,20,44
7,30,21,6,5,40
12,6,14,32,30,38
7,33,8,49,40,42
49,38,3,17,33,43
19,11,34,14,16,43
27,10,41,40,2,1
28,7,6,38,25,45
4,23,42,25,38,14
7,48,49,33,10,39
28,9,26,36,18,44
25,17,35,6,32,31
6,5,24,23,38,48
25,36,39,11,26,41
11,12,24,14,18,9
33,8,13,32,39,47
27,11,39,19,12,6
47,42,22,12,19,11
44,27,26,37,24,9
32,22,11,45,25,41
3,13,21,22,14,32
38,7,17,48,15,45
33,28,9,42,16,17
37,35,4,18,47,17
18,39,32,8,11,2
32,36,9,24,7,22
38,30,10,41,16,9
43,18,25,29,16,33
30,4,43,46,10,35
27,41,5,8,22,32
6,12,16,49,33,25
2,16,7,30,37,39
4,1,39,46,12,35
45,14,39,40,49,1
49,45,23,36,26,21
23,42,1,11,37,43
12,47,43,6,15,9
12,5,22,6,40,2
32,12,24,46,36,21
23,40,45,2,44,22
16,17,38,28,21,45
22,48,9,30,42,41
13,40,33,35,48,39
5,36,41,23,8,7
45,13,6,9,31,40
27,45,4,35,8,24
14,19,44,11,35,49
43,40,49,45,20,2
7,48,29,15,9,32
19,41,42,49,27,44
7,19,4,14,6,37
35,17,24,22,40,37
44,38,27,11,10,18
32,3,17,47,44,46
20,11,45,7,49,9
11,46,30,23,20,48
4,6,41,14,46,12
36,38,25,16,14,28
30,43,33,42,12,30
5,27,4,37,14,39
46,21,36,31,24,38
38,20,40,23,28,21
29,23,36,26,24,41
25,8,2,46,12,29
1,25,38,7,20,4
26,16,42,46,20,27
11,22,37,5,9,21
1,4,47,44,15,34
48,6,9,1,37,36
45,31,30,7,47,41
19,41,21,29,33,3
28,3,15,37,18,19
8,11,12,20,32,4
26,43,45,5,11,1
10,27,28,31,38,24
2,47,17,35,24,32
46,41,38,4,40,15
18,44,4,37,1,10
48,22,45,16,35,36
38,25,26,14,23,35
8,10,35,45,4,15
17,43,12,31,13,24
6,16,18,22,17,49
45,24,30,49,19,10
10,12,42,5,13,16
1,45,42,27,26,36
43,45,9,18,5,40
41,49,30,16,26,36
22,46,28,32,13,37
30,31,29,38,18,21
40,21,3,47,43,4
29,40,8,22,35,41
48,45,14,26,1,32
44,4,3,17,12,5
35,38,43,44,6,9
9,27,12,40,29,7
18,16,30,14,35,26
18,22,35,14,40,31
48,22,13,10,36,33
28,43,20,10,37,19
42,6,44,23,20,45
4,43,37,20,27,9
34,39,23,13,3,4
2,44,16,39,38,6
38,49,45,6,28,44
4,44,12,35,40,18
3,31,34,35,14,1
36,44,14,26,23,35
38,32,8,25,14,15
8,24,17,27,7,6
41,10,37,43,12,24
41,40,11,13,6,28
24,6,48,44,49,5
8,25,24,34,2,16
45,9,6,34,23,17
42,41,47,35,44,49
30,37,21,43,34,10
29,28,38,37,14,6
38,7,20,25,45,33
16,49,32,10,9,23
42,12,23,26,19,33
27,25,24,23,45,43
10,6,11,14,31,40
39,37,47,1,48,2
19,14,42,18,4,30
31,37,21,29,13,6
35,42,4,49,34,31
35,27,30,46,43,2
31,19,41,47,42,12
18,43,24,5,9,12
47,40,13,4,27,25
30,37,14,28,6,18
15,8,41,1,43,6
2,42,30,6,15,38
16,18,41,45,27,12
4,32,25,1,6,20
44,6,22,13,30,14
39,1,12,40,29,48
40,42,18,5,32,25
7,45,27,33,35,25
13,27,19,10,48,43
29,30,35,18,25,32
45,26,28,30,23,18
5,39,26,46,38,33
35,14,41,38,42,9
35,16,40,41,18,24
5,42,23,15,7,18
17,23,1,44,40,25
2,24,19,40,1,6
1,46,17,9,28,42
21,46,30,1,2,44
17,37,48,40,38,7
6,48,12,33,16,41
21,23,45,37,15,16
36,5,8,42,46,39
33,3,42,14,32,11
2,14,40,9,45,24
20,36,46,4,42,47
8,26,13,42,22,18
15,37,45,10,18,11
36,35,24,40,8,19
32,4,7,20,34,8
9,30,16,49,33,17
38,23,26,46,10,42
19,22,33,13,15,38
43,33,16,24,22,44
49,24,41,42,32,48
46,36,34,1,42,37
6,43,36,48,40,3
38,30,2,16,31,48
26,32,39,7,30,24
31,23,40,45,12,37
4,15,39,6,29,33
22,5,8,29,2,41
15,38,29,5,32,39
48,27,24,22,18,30
14,47,9,33,24,2
39,34,9,23,30,20
6,17,13,35,49,8
7,22,5,35,32,30
49,5,2,13,21,20
25,7,12,24,39,44
31,16,38,25,49,36
23,13,5,28,40,15
36,31,44,33,28,12
10,21,47,22,8,30
37,44,13,23,28,30
12,26,4,33,45,22
49,48,18,38,13,32
15,35,7,25,22,14
16,32,3,45,4,48
9,38,30,6,32,48
49,16,44,27,15,40
17,28,41,36,6,1
21,13,11,36,39,40
38,34,23,9,22,1
25,38,48,31,8,43
10,31,7,48,11,27
16,10,42,19,46,7
14,8,36,40,46,31
35,12,31,25,8,13
19,17,13,32,15,24
25,41,22,24,40,20
39,37,3,5,1,4
26,28,13,8,49,7
16,49,35,31,37,24
49,6,5,41,27,47
8,34,40,37,19,26
47,45,38,22,7,21
18,24,45,46,48,3
6,25,1,4,47,23
29,23,34,19,41,1
12,5,31,1,19,14
29,24,28,22,23,43
39,1,44,49,27,6
42,36,26,11,31,34
41,40,33,5,32,49
14,6,39,45,11,23
11,7,2,20,29,45
37,6,22,9,4,15
3,44,41,19,15,40
13,32,3,5,6,31
2,18,11,45,39,26
34,29,13,5,44,1
9,29,22,27,42,8
48,40,33,46,39,8
28,7,1,19,34,2
48,31,21,3,26,29
15,7,38,20,2,6
21,19,15,24,18,26
17,41,44,18,5,12
38,27,21,5,25,4
17,47,24,38,9,19
18,38,25,47,27,15
46,18,35,1,24,29
45,40,29,33,43,10
38,29,45,31,15,5
9,41,48,13,10,12
7,34,35,15,25,38
25,33,1,34,41,8
8,33,11,6,35,4
11,49,16,6,38,42
30,47,23,3,24,17
21,19,15,8,42,32
28,26,11,31,10,15
46,27,23,41,16,20
38,25,14,43,46,32
32,7,19,39,24,26
1,20,21,3,37,35
20,9,10,3,34,25
25,2,43,13,19,30
38,21,34,1,27,31
2,49,37,10,8,44
13,9,22,16,31,24
22,7,17,42,26,31
38,23,18,22,10,4
7,48,15,23,29,3
12,8,25,20,49,2
46,34,16,8,9,3
40,4,14,9,36,25
2,34,17,46,49,38
5,49,28,4,27,10
1,29,16,46,4,15
39,33,36,17,7,44
26,11,47,27,40,39
42,32,17,29,20,13
14,22,19,4,16,35
34,46,4,49,26,10
1,27,38,19,2,12
46,37,35,11,38,8
11,19,14,44,21,41
31,44,21,6,40,42
7,9,3,6,32,35
37,8,1,9,35,32
46,5,21,19,27,9
22,13,18,30,3,20
13,3,26,10,11,48
13,33,40,5,23,37
32,19,23,44,17,11
25,8,1,38,20,43
43,35,5,42,6,28
24,1,15,48,4,6
19,32,27,17,20,35
33,9,34,10,43,20
32,2,8,5,24,37
28,18,32,29,5,11
41,13,40,31,4,36
28,1,4,24,17,3
38,3,48,46,18,9
6,36,46,14,21,4
6,27,37,33,36,5
43,30,31,29,3,13
35,47,10,8,37,28
26,28,17,9,30,4
21,44,14,47,7,43
47,1,48,11,41,10
40,1,27,7,36,48
32,44,36,38,29,21
40,22,31,27,46,2
6,20,34,26,40,13
29,33,48,24,26,22
2,21,24,34,17,19
4,29,40,18,47,8
16,30,21,2,10,22
23,42,45,30,9,14
22,46,19,33,18,42
7,16,3,47,19,44
36,41,15,12,49,40
6,9,32,24,10,12
1,47,28,29,16,15
34,42,22,13,5,29
37,44,47,5,17,38
44,40,47,4,12,19
42,13,7,21,17,45
36,9,25,8,17,6
9,14,24,10,4,29
26,12,46,8,44,31
3,47,36,46,25,23
42,44,9,48,12,45
4,14,24,21,48,6
32,42,10,22,14,28
12,37,39,31,17,46
39,12,26,8,15,44
36,26,9,16,6,29
15,21,14,8,20,7
47,38,32,9,37,1
15,24,14,23,19,25
24,22,34,15,5,46
22,37,25,49,30,38
7,33,17,2,47,20
11,40,4,3,28,37
48,21,39,27,33,32
32,16,30,15,2,12
43,10,16,19,42,33
37,14,11,21,17,12
32,14,21,18,6,46
27,32,23,13,43,34
12,16,4,38,46,15
42,36,5,38,14,34
42,24,40,32,43,36
29,1,7,15,23,35
33,39,7,13,20,45
2,18,46,17,10,6
45,4,21,29,41,22
44,7,29,9,49,22
38,47,16,45,3,25
27,2,42,22,41,7
19,12,11,1,30,28
33,14,29,10,48,22
31,4,43,41,18,42
45,34,46,20,42,15
34,17,46,38,4,49
41,7,20,36,3,34
8,21,30,49,38,11
6,29,18,1,39,48
31,30,45,41,5,29
7,3,9,16,34,2
48,11,21,41,28,14
29,9,38,25,36,41
49,43,46,23,6,31
3,7,20,18,27,11
45,36,28,38,40,33
21,32,46,8,1,37
25,11,14,27,47,19
49,2,28,46,12,20
14,27,9,12,36,20
47,29,26,5,7,18
4,43,9,24,22,19
1,23,5,8,48,32
46,13,16,7,35,42
8,11,33,43,20,15
42,39,12,43,13,25
37,41,16,30,27,25
26,2,19,17,22,11
7,11,24,32,49,35
34,1,19,39,48,43
36,45,30,26,19,12
16,26,18,21,48,30
17,5,11,15,46,25
22,24,40,19,6,29
20,2,19,49,14,17
47,38,41,6,30,27
24,30,46,31,26,4
2,9,21,47,18,32
2,39,10,46,47,19
14,45,3,17,29,5
39,38,29,24,41,28
13,15,4,6,1,48
11,3,1,47,15,39
23,22,4,31,47,36
49,4,28,46,11,20
18,12,4,40,11,21
8,45,48,47,1,20
32,9,36,34,37,27
48,39,38,18,47,28
8,5,30,10,11,23
24,15,31,39,23,1
27,18,29,37,3,6
24,34,6,23,16,20
33,3,20,18,15,1
26,12,22,27,29,15
48,4,12,29,3,32
15,11,32,12,24,5
24,5,42,8,17,30
35,33,4,18,26,17
22,17,19,40,27,46
14,9,49,6,47,17
9,24,41,48,35,40
21,13,11,20,28,16
29,31,35,33,7,32
35,3,43,1,14,17
35,11,49,14,17,16
30,28,24,21,48,19
41,23,28,39,37,20
9,5,18,1,24,32
34,9,36,19,22,26
3,1,41,30,47,9
33,15,48,1,40,5
16,39,4,6,22,11
36,12,15,24,49,17
35,39,21,31,33,44
19,16,12,49,2,20
36,18,43,15,13,45
15,17,22,37,47,39
42,32,4,20,2,15
34,8,46,39,26,36
40,1,47,2,29,24
25,34,26,41,45,22
41,35,16,13,31,42
44,15,14,16,18,13
30,27,29,25,11,44
33,19,43,42,45,3
42,3,13,40,31,9
38,17,35,27,32,2
24,8,2,22,35,18
10,9,6,20,1,46
42,26,28,6,15,3
42,9,2,43,4,28
11,19,41,35,45,13
2,38,23,28,45,8
24,7,45,21,33,35
17,42,3,1,9,18
25,38,1,5,32,39
5,44,10,4,17,39
20,15,10,46,21,34
14,1,38,17,35,23
35,31,12,29,6,23
4,15,16,49,34,8
40,46,37,8,9,49
10,40,27,28,47,46
43,4,30,49,37,2
4,45,24,32,2,28
33,6,44,23,30,43
20,22,27,26,44,31
42,27,21,17,36,6
33,39,9,38,27,40
33,26,28,41,31,40
11,13,22,16,21,18
22,28,16,5,14,26
5,14,45,48,16,25
45,8,16,40,4,39
29,9,30,23,25,48
26,48,38,27,21,35
5,19,35,18,45,28
9,2,3,41,24,33
48,7,6,24,17,41
46,18,19,39,26,34
9,8,38,17,37,31
3,43,46,15,32,9
6,32,30,34,2,4
10,38,1,13,14,39
25,9,42,47,20,36
41,24,16,5,1,13
10,14,13,49,4,8
36,35,24,27,21,32
29,27,5,26,21,28
20,17,1,49,7,29
32,11,28,7,5,4
4,32,3,45,11,15
8,19,43,44,48,49
47,37,11,44,20,31
25,17,36,22,16,18
6,28,10,1,21,35
24,11,10,33,34,38
28,12,46,31,3,26
17,28,9,45,13,14
14,40,10,35,48,43
39,22,4,1,14,18
16,4,37,47,28,38
39,19,37,4,41,30
45,12,39,8,29,33
46,11,32,7,22,27
16,47,29,44,14,45
1,44,22,36,3,8
29,31,40,2,48,22
42,20,31,43,23,21
43,37,40,35,11,23
42,35,20,25,45,11
3,30,33,37,25,5
36,38,7,41,2,20
32,42,46,37,33,31
36,21,37,35,19,30
38,2,49,42,1,24
27,6,35,17,25,40
29,1,39,16,23,46
23,12,5,39,29,16
3,21,33,22,18,13
5,24,41,7,26,49
26,41,28,16,44,7
19,41,40,34,46,24
37,40,31,2,39,38
1,27,34,8,21,5
40,35,34,15,29,26
22,49,39,37,31,16
44,39,32,47,29,1
7,48,12,20,4,39
22,37,11,10,4,15
12,26,29,18,33,17
14,40,43,30,18,46
28,49,9,22,32,33
16,26,4,25,33,42
24,11,7,46,28,13
42,19,44,16,26,5
15,37,38,40,30,9
8,7,23,47,21,12
49,26,36,8,32,35
21,20,2,40,19,11
5,21,18,49,35,10
45,48,11,42,15,5
12,8,27,13,35,2
4,9,20,2,35,40
23,34,5,26,49,31
20,7,15,41,13,21
21,11,41,48,8,38
2,49,14,13,45,21
42,21,14,17,46,29
40,4,47,16,46,43
2,42,25,27,22,35
5,25,48,43,2,3
2,16,41,10,44,18
7,34,12,40,48,30
26,47,13,29,5,40
42,33,15,6,25,22
4,17,43,28,23,46
12,38,41,49,13,44
37,33,28,29,35,12
17,9,35,31,26,36
8,46,42,49,30,48
46,45,34,18,41,3
39,20,12,30,5,8
29,17,42,6,48,33
38,17,34,46,6,12
25,2,35,8,5,22
8,43,48,12,30,46
49,34,40,21,37,18
11,9,37,6,25,16
10,9,1,36,7,44
3,1,6,7,49,36
46,6,39,49,40,16
11,48,7,23,3,20
17,25,34,43,19,45
2,3,16,42,43,45
19,34,37,4,2,41
35,36,24,39,10,20
3,22,39,4,7,30
8,47,49,5,46,31
40,26,33,19,12,17
35,23,48,36,13,10
39,23,30,37,16,43
49,42,31,30,45,7
26,18,22,21,29,9
16,36,27,21,7,17
29,16,8,31,5,6
21,15,14,22,40,32
22,37,45,44,41,42
24,13,38,46,21,9
47,10,26,42,7,4
30,45,1,44,49,29
38,29,43,20,2,39
9,35,46,4,23,49
28,33,42,1,41,45
14,33,41,20,3,8
8,47,31,36,17,9
24,12,7,49,8,30
36,17,24,5,45,25
27,25,9,5,44,33
41,45,43,49,15,4
15,43,5,29,6,28
21,28,48,47,7,18
46,3,39,49,12,20
30,6,47,20,33,39
6,30,9,33,3,29
30,10,24,11,1,49
28,39,22,45,17,31
26,44,13,43,17,25
16,19,45,3,48,14
11,6,17,40,41,31
10,20,46,47,9,42
28,12,13,20,18,48
4,20,10,33,36,25
27,15,24,30,18,22
29,28,7,48,3,38
18,13,29,19,12,27
45,15,39,19,34,44
4,41,12,18,16,5
4,3,35,41,24,15
4,43,1,13,2,48
8,36,28,37,23,31
13,4,18,39,36,20
1,13,20,24,37,39
20,39,16,9,38,4
7,26,4,15,14,19
12,27,21,33,10,18
29,42,48,1,2,37
17,25,19,36,44,40
31,18,32,46,13,29
41,15,9,21,33,31
28,42,37,21,30,5
15,49,45,39,1,30
16,17,26,9,21,14
6,25,35,14,29,1
9,10,8,29,49,5
46,32,8,22,48,1
28,36,37,8,10,6
31,1,16,27,47,2
28,21,32,34,11,27
36,9,20,18,3,2
10,37,20,47,24,13
38,16,41,17,27,18
30,24,25,35,9,37
16,13,42,18,23,34
3,21,28,22,8,48
30,26,7,29,41,27
47,24,1,37,33,28
45,4,30,43,41,25
33,9,8,49,13,17
34,29,2,25,16,7
37,33,23,4,47,15
6,21,49,2,45,46
14,6,43,27,26,30
15,16,11,4,35,42
5,31,4,23,48,39
41,33,31,24,8,12
24,45,18,34,38,26
17,16,10,42,43,38
2,20,47,31,12,25
20,49,9,2,24,1
38,24,39,23,6,40
3,31,15,36,12,49
26,8,10,29,41,44
26,21,31,43,5,1
10,34,24,6,47,37
9,2,4,31,12,21
12,14,37,23,39,32
17,16,1,36,26,31
22,20,18,1,46,8
26,22,9,1,6,10
43,26,30,31,2,4
30,25,29,15,11,49
30,6,49,1,15,33
30,34,23,10,29,9
34,2,23,38,13,3
5,32,48,20,15,6
29,14,26,10,39,41
4,45,9,39,25,28
4,22,15,33,10,35
35,49,12,27,46,14
48,32,15,18,30,13
45,36,47,17,22,15
48,39,33,20,11,31
48,5,6,37,44,22
38,7,43,44,13,34
4,24,10,1,30,39
47,23,39,7,2,18
46,33,36,49,7,8
49,24,42,22,33,36
5,42,6,3,39,15
44,13,4,35,17,1
48,39,19,13,22,12
4,44,12,47,48,26
38,44,14,49,48,16
47,10,32,21,16,9
2,32,15,27,49,43
23,30,24,4,34,45
15,17,4,45,43,47
48,40,49,20,10,46
35,31,34,5,13,33
9,32,16,28,30,22
35,10,29,40,14,46
10,48,1,13,42,11
41,16,28,33,18,45
48,11,33,37,45,13
11,20,31,48,49,17
3,31,10,40,43,41
30,28,26,49,6,18
37,29,8,48,27,7
35,26,15,34,41,25
47,30,42,11,36,21
46,47,6,45,44,29
24,21,11,47,25,14
25,32,34,2,11,39
42,30,45,9,34,31
48,5,25,45,11,6
37,35,6,25,7,4
31,23,11,49,37,18
22,38,9,10,8,5
45,17,43,14,5,49
15,47,17,13,26,23
41,24,25,36,11,45
25,28,10,20,6,17
10,9,27,29,19,45
48,46,49,9,15,24
44,49,33,34,2,29
22,21,4,46,18,39
21,44,7,4,23,1
44,30,39,18,14,22
49,19,15,36,44,45
46,16,28,13,19,11
49,29,13,41,5,7
14,6,43,25,35,12
40,10,47,48,27,33
39,44,10,8,27,19
34,40,16,18,28,6
37,4,23,22,49,40
37,22,41,9,14,45
39,1,37,9,4,15
24,37,41,4,8,26
33,25,6,22,2,39
33,30,40,28,2,8
37,41,11,24,43,28
23,37,48,9,4,47
32,16,34,23,35,2
1,11,20,18,26,30
26,35,22,29,27,17
46,48,22,1,43,9
12,15,17,39,5,18
19,8,21,15,24,44
3,1,34,44,41,21
3,16,11,1,7,34
30,23,34,2,40,42
4,37,49,20,7,9
17,33,42,10,29,48
14,30,26,25,11,7
3,44,42,23,6,24
14,22,13,10,47,12
24,43,21,47,31,7
35,3,41,38,5,19
39,33,47,42,22,4
13,6,42,40,37,3
22,33,1,8,28,3
18,37,3,2,9,23
5,1,11,2,43,6
20,28,22,36,48,5
3,42,21,25,14,27
40,36,38,3,25,32
21,29,43,47,9,34
1,38,35,23,2,46
43,31,26,29,49,37
49,37,5,18,16,28
27,17,24,4,1,43
30,8,37,48,38,31
39,23,7,21,10,29
27,3,44,40,2,49
31,5,12,37,45,34
33,48,11,46,9,43
31,3,7,32,10,35
26,31,35,20,3,32
44,36,27,48,15,32
36,10,24,13,20,29
36,24,44,16,35,23
18,14,2,39,25,1
20,47,10,18,14,34
10,34,3,11,29,17
29,42,46,28,27,22
45,14,20,38,46,21
6,20,27,12,16,38
11,30,41,45,16,34
12,33,34,20,3,41
39,34,9,41,33,7
37,10,14,49,39,21
25,44,4,12,42,18
5,16,41,46,12,17
49,1,15,35,11,12
47,22,15,5,1,43
49,26,27,14,24,12
24,8,37,49,28,9
31,40,34,30,47,25
1,4,8,28,21,3
7,36,33,28,3,31
3,36,35,5,17,9
42,23,48,33,39,10
7,26,43,47,8,48
34,28,49,4,31,48
18,13,23,4,45,6
46,13,44,29,11,18
2,47,38,48,49,35
49,23,35,32,3,43
25,17,43,2,7,30
21,28,16,10,31,29
33,44,30,11,19,37
46,21,47,28,20,44
17,45,13,15,18,41
24,49,3,14,22,34
4,47,11,16,42,26
16,2,25,28,17,11
3,40,15,20,32,19
7,6,17,46,35,19
41,5,12,13,37,20
3,41,21,11,42,1
28,17,29,34,31,1
17,30,11,7,22,10
20,19,17,11,29,32
32,33,19,26,5,17
46,2,47,49,28,20
4,17,11,49,29,39
33,9,4,17,34,10
17,23,46,32,34,13
21,30,34,45,39,16
23,14,33,5,22,16
27,1,10,15,37,21
41,23,47,26,17,3
8,1,26,32,22,37
2,5,8,40,29,47
9,20,10,38,49,22
18,8,31,37,22,20
9,4,39,47,24,31
43,19,47,20,9,14
43,21,34,10,26,35
39,17,4,48,20,29
8,44,37,15,18,39
30,16,36,14,7,25
7,29,4,6,13,2
42,48,26,10,13,40
35,2,8,5,13,17
34,9,40,14,17,48
6,19,26,37,28,49
3,36,19,27,6,14
10,37,32,28,13,41
6,12,14,31,10,38
2,24,3,26,11,27
22,46,4,1,5,44
7,4,13,28,49,36
40,33,44,2,39,13
24,2,6,41,46,16
24,30,11,8,49,17
30,46,34,20,9,35
19,23,7,45,34,30
22,23,15,45,11,10
22,11,44,24,9,13
18,44,45,25,38,40
2,35,23,16,47,10
49,9,11,12,22,28
42,20,49,15,8,41
2,40,9,13,46,44
22,13,20,46,10,42
5,42,41,31,11,12
47,34,16,37,13,2
19,5,23,6,13,34
7,10,32,34,22,48
36,1,12,38,7,17
15,13,25,45,28,47
21,47,38,7,22,3
17,7,49,29,24,47
21,11,26,34,7,15
21,19,12,15,9,47
45,43,24,20,36,34
6,38,43,13,41,33
4,15,27,34,7,12
11,41,25,27,4,39
16,22,42,31,20,48
27,18,7,21,48,6
27,15,43,38,42,26
2,49,38,35,33,13
1,28,17,4,32,20
17,3,40,15,10,1
2,17,26,16,8,20
33,12,37,24,44,25
1,10,47,29,12,13
21,22,36,15,27,17
46,18,40,11,1,3
26,5,11,33,41,6
35,27,9,44,39,17
10,6,4,16,29,14
31,4,19,44,34,37
11,29,45,47,28,41
40,17,43,23,41,8
34,36,26,28,30,39
40,1,28,34,20,30
18,34,28,24,42,15
36,33,46,12,1,48
37,39,6,28,8,1
47,26,37,44,31,15
26,45,47,35,28,9
29,5,30,26,25,3
46,20,36,41,18,48
12,7,24,39,43,48
45,2,11,20,37,47
49,9,22,26,30,44
4,15,2,3,40,23
47,8,21,20,34,24
13,32,28,17,26,34
36,10,17,38,27,16
10,18,11,37,47,7
1,41,43,6,38,45
47,22,34,15,30,33
42,49,15,2,28,41
42,47,9,6,29,31
18,28,41,33,21,47
21,8,14,41,48,45
36,40,4,34,25,12
9,27,34,28,32,43
24,46,18,49,23,12
47,29,7,44,4,39
1,11,33,6,39,9
6,48,30,5,25,32
48,46,33,32,25,17
14,19,29,49,21,20
2,45,41,9,24,34
6,3,31,49,19,27
24,31,27,3,4,7
43,44,2,25,8,14
31,3,19,21,12,48
22,20,4,37,2,30
1,49,9,3,2,20
29,48,45,42,2,41
8,36,44,26,47,20
22,16,46,35,38,27
2,47,48,23,39,17
31,45,19,5,32,34
33,12,18,3,22,8
47,46,4,35,10,8
27,16,24,48,11,36
30,3,12,35,37,38
19,18,32,44,40,5
32,14,22,21,11,49
36,19,35,30,12,23
36,16,4,15,1,18
26,10,28,30,11,23
8,31,39,7,35,26
36,6,4,43,8,35
8,24,35,41,9,39
43,9,40,18,24,34
17,30,38,15,45,13
46,4,16,17,3,15
31,9,41,47,45,6
15,34,29,12,28,3
13,4,42,39,1,22
17,6,9,33,42,25
40,26,35,15,44,10
38,17,44,31,12,45
25,6,34,43,19,4
46,33,2,31,4,9
27,2,7,11,17,15
16,41,10,12,48,29
28,35,43,2,3,25
11,20,24,18,49,29
47,8,46,40,16,29
21,27,15,43,38,11
39,4,22,5,14,17
9,15,10,40,33,49
7,41,35,29,23,20
22,17,14,38,15,48
26,7,23,16,4,28
18,4,49,30,31,24
31,28,5,1,44,46
29,40,44,10,1,49
29,14,37,9,5,24
14,34,16,12,15,22
16,20,1,11,6,25
44,2,16,19,47,11
48,7,42,32,27,18
43,48,4,24,30,14
11,16,31,18,23,12
47,12,24,49,45,27
25,10,40,3,8,26
1,6,5,25,4,9
22,17,27,36,46,15
27,1,23,36,49,45
40,9,48,26,17,36
48,10,16,32,28,20
44,42,15,22,24,18
1,35,40,39,21,14
43,11,3,32,26,35
42,27,29,14,45,9
9,47,22,31,45,23
29,46,11,31,14,16
23,40,42,25,46,34
35,40,20,38,17,29
47,48,16,37,34,42
34,1,26,4,37,3
45,28,19,43,33,7
43,29,6,9,47,27
1,15,46,38,4,40
38,45,39,14,28,26
7,32,18,14,23,46
3,18,19,37,47,20
14,46,36,18,28,32
26,33,17,3,20,47
32,28,17,8,6,22
49,34,23,27,20,32
7,28,1,3,36,22
33,44,42,31,12,8
8,22,6,20,10,19
23,12,6,5,39,38
44,11,32,4,15,19
13,26,25,23,15,29
3,30,41,20,44,10
41,6,42,49,31,1
42,31,22,10,26,16
30,14,9,32,31,49
15,31,14,13,46,48
1,41,16,49,25,33
20,10,6,15,14,3
14,9,29,36,30,32
38,28,35,25,47,24
42,3,6,17,18,43
21,39,35,26,25,33
49,7,29,22,1,28
28,30,18,7,17,10
49,39,12,19,8,48
14,48,31,26,1,28
39,29,47,40,21,6
39,22,47,31,45,17
45,18,3,49,15,26
47,39,22,35,25,36
26,13,25,30,29,39
11,6,9,3,28,7
33,39,49,43,48,40
43,44,40,1,11,29
26,32,14,41,35,17
9,31,29,4,6,36
7,3,27,1,6,15
16,9,8,38,17,11
42,48,24,28,37,35
20,41,33,4,46,27
1,45,35,24,44,11
31,1,44,47,41,10
34,49,36,9,5,41
10,24,44,43,9,22
38,48,47,6,30,15
25,34,47,22,1,20
43,47,2,29,9,46
18,8,29,34,19,31
38,4,42,22,25,37
9,4,14,26,30,42
32,13,35,39,42,31
28,49,19,21,47,18
8,25,3,34,10,29
1,43,8,17,39,32
27,49,35,12,47,44
6,25,23,8,49,3
21,41,30,3,20,18
9,31,44,10,34,12
3,6,33,34,21,43
34,2,45,15,42,19
40,39,17,1,29,24
26,19,46,16,17,1
41,24,26,18,44,5
46,17,30,36,1,8
34,24,10,19,31,28
49,38,15,6,46,14
19,33,1,20,8,15
4,47,39,31,14,43
49,18,43,13,41,12
4,47,45,21,49,25
32,43,9,42,20,4
42,40,44,7,12,9
43,38,1,46,36,49
31,49,16,32,6,44
31,9,38,41,16,30
15,28,4,39,45,16
36,39,44,16,42,3
9,11,33,31,34,27
9,37,18,17,16,15
28,44,18,17,3,26
23,20,34,37,49,8
4,18,21,31,27,5
38,37,43,5,20,48
30,20,37,4,27,31
26,36,16,3,2,4
49,15,48,11,13,39
37,26,27,32,33,45
47,20,35,21,37,48
29,24,7,27,25,10
40,18,46,25,49,23
2,32,30,36,14,45
21,23,15,34,25,45
26,31,5,24,3,40
24,35,33,23,29,2
8,43,40,39,41,26
35,28,9,15,24,5
21,46,16,19,11,38
27,19,33,3,13,16
46,39,27,6,10,20
2,16,17,32,24,3
33,30,28,6,15,4
7,20,19,22,10,17
29,46,2,24,21,15
42,17,2,48,23,35
1,37,9,48,18,25
20,34,26,21,11,49
36,22,35,44,28,45
35,45,49,7,42,23
18,24,10,33,12,2
36,48,43,49,33,22
25,26,4,28,27,9
44,39,45,10,19,38
24,47,45,11,31,46
31,49,18,21,42,4
43,45,18,20,28,6
41,6,45,14,28,16
24,14,12,45,17,23
46,47,21,32,20,35
29,1,41,12,3,36
39,28,40,17,1,32
47,9,12,36,27,22
26,15,2,8,45,37
28,37,1,14,29,43
13,30,2,16,6,36
10,33,23,39,36,44
37,12,39,2,30,10
26,38,45,49,16,11
35,9,32,20,22,41
16,12,24,9,35,34
21,37,45,27,9,12
10,33,16,44,34,47
17,37,31,9,28,35
41,2,14,4,39,30
30,16,10,34,44,3
48,4,26,24,14,19
47,28,32,37,2,10
39,3,19,13,36,20
40,25,33,46,10,11
4,8,44,13,19,48
30,32,1,35,44,37
3,44,21,18,41,45
16,23,45,15,4,3
30,31,24,44,3,17
49,45,17,37,2,40
30,31,25,35,18,24
42,48,47,20,2,40
15,23,46,38,47,26
48,17,37,14,43,34
36,32,10,38,14,37
16,38,4,22,39,27
17,25,1,9,22,2
11,40,3,49,13,23
41,32,9,42,2,5
20,28,42,43,1,30
48,41,30,9,40,1
14,1,16,3,41,24
38,4,31,36,5,21
17,36,4,1,15,42
11,13,31,37,15,47
12,35,44,22,48,27
42,23,48,26,22,3
7,24,29,8,18,5
46,32,14,31,36,5
15,41,31,1,33,9
27,39,31,9,7,36
14,49,4,48,8,23
42,27,37,23,26,46
42,27,2,46,32,5
31,10,30,14,29,26
14,24,38,32,12,4
44,33,25,37,32,29
38,17,27,11,24,31
15,27,18,24,49,39
45,43,37,26,47,28
11,34,36,43,14,46
7,39,27,36,25,42
43,48,3,12,40,49
17,22,43,4,34,15
45,25,16,27,6,20
38,32,48,3,16,40
13,28,43,41,12,20
48,19,49,42,44,3
10,28,6,35,26,12
10,16,20,46,39,45
10,4,24,29,33,35
5,45,14,24,27,22
49,33,42,12,13,26
12,2,23,46,40,14
37,29,35,26,34,47
8,5,17,37,1,20
34,39,48,4,49,9
19,47,22,12,40,36
29,6,18,34,17,9
11,29,28,41,14,37
40,39,41,13,1,43
30,37,16,47,26,43
49,36,3,47,29,19
20,44,26,9,10,11
38,30,23,16,29,37
29,4,12,14,48,10
7,8,32,15,34,39
5,49,9,3,48,19
36,49,21,42,41,26
34,33,15,43,32,7
17,2,6,37,49,24
33,16,8,46,19,35
12,27,32,17,33,2
47,6,44,41,35,42
2,45,22,20,40,30
33,37,7,26,29,32
47,27,4,13,49,1
1,20,33,27,36,8
21,17,40,18,25,48
41,3,13,4,29,31
32,7,1,35,13,39
12,17,48,20,14,40
1,42,31,7,14,34
8,10,25,6,29,21
43,36,37,25,30,2
35,1,47,12,4,14
19,47,24,46,12,43
28,15,31,32,14,48
1,40,30,39,25,33
32,37,19,25,33,10
44,42,15,35,8,31
16,14,18,3,49,38
8,28,44,18,37,19
47,21,10,40,24,33
37,40,33,21,27,16
14,49,1,43,2,37
27,14,25,15,30,16
29,13,9,14,5,7
42,30,46,8,21,16
18,17,26,20,32,31
5,10,13,28,35,4
29,25,32,6,15,46
46,47,14,7,17,5
49,43,11,36,47,34
22,18,17,13,16,45
17,18,5,7,27,48
30,23,2,41,34,17
31,14,7,10,9,22
10,25,21,35,12,2
44,22,28,33,14,46
42,46,29,28,15,20
48,17,32,28,33,18
22,20,25,33,12,10
23,6,9,43,25,41
17,25,46,27,13,49
10,38,20,2,6,40
32,8,49,6,16,12
22,45,1,27,48,18
23,14,25,37,24,17
29,4,21,37,25,32
1,11,5,47,34,23
31,30,43,15,17,12
26,34,38,7,33,30
42,37,2,5,44,13
39,6,2,9,49,16
37,11,16,29,6,30
27,46,10,36,2,5
4,42,37,12,20,47
26,44,45,29,12,9
43,21,46,42,26,24
11,34,38,31,37,10
19,17,6,20,18,42
30,40,35,42,31,48
5,20,35,1,39,3
31,29,47,41,12,17
24,13,48,3,20,43
8,4,3,36,7,26
19,24,36,12,49,21
36,8,28,1,31,45
8,36,30,42,6,34
16,49,26,10,7,12
11,42,43,49,13,41
14,21,25,7,3,29
2,15,39,44,38,13
26,3,15,7,25,47
48,5,17,22,34,38
36,21,44,32,37,46
48,37,27,28,21,33
16,19,47,18,36,42
43,44,45,5,13,10
7,45,42,37,10,15
2,47,44,7,23,20
42,9,45,36,28,16
11,21,38,42,12,15
24,49,31,28,39,18
22,27,9,11,49,14
20,16,7,17,25,12
44,35,10,13,38,42
26,33,12,24,25,10
13,26,44,40,24,16
12,46,11,35,24,4
34,16,12,48,31,42
33,42,26,3,10,46
40,28,49,26,1,5
43,41,9,8,33,18
21,27,12,14,38,43
11,4,48,44,23,32
47,34,9,32,24,43
40,28,29,38,19,9
17,22,5,28,2,27
7,10,13,38,20,8
38,35,22,18,23,16
20,23,13,24,46,47
42,41,15,19,14,4
45,49,40,33,10,43
15,11,28,30,4,26
32,25,33,35,34,12
11,48,24,17,5,4
32,47,14,31,28,20
15,13,5,9,21,23
23,41,40,22,42,35
12,25,46,10,42,19
27,26,47,22,28,36
21,24,22,8,4,1
2,6,30,33,25,13
43,17,49,7,34,41
18,4,44,5,23,32
32,2,37,36,26,31
41,42,39,16,15,3
29,9,39,13,30,45
9,32,37,39,22,28
31,10,5,36,8,6
16,45,34,12,36,42
15,40,26,36,20,16
22,4,41,1,13,32
11,1,36,13,35,23
5,38,21,25,13,40
5,22,17,25,27,3
9,41,4,17,1,35
25,43,11,2,36,12
10,16,15,24,4,28
37,43,6,18,16,15
46,28,10,23,9,37
39,30,16,10,40,8
32,2,22,7,9,46
17,40,8,28,34,39
22,36,46,4,35,21
34,30,4,33,1,22
17,30,34,18,33,26
33,48,2,19,12,34
46,15,38,39,7,11
25,48,16,40,14,1
27,34,18,45,35,28
33,20,22,44,31,39
31,22,5,46,4,6
28,4,48,37,10,42
38,12,25,7,13,34
25,44,11,5,27,10
6,16,34,44,48,27
47,4,43,28,42,14
10,24,28,45,33,20
13,15,45,28,41,24
33,13,47,31,35,12
15,40,41,13,48,25
33,30,38,20,39,9
44,17,21,41,36,22
44,10,39,17,25,26
31,25,28,24,15,21
8,10,33,22,9,40
42,14,41,4,44,11
19,16,35,6,34,46
49,25,10,9,40,48
9,29,24,47,32,34
16,42,44,27,35,18
18,41,40,48,49,22
20,36,24,18,45,44
43,45,20,16,6,11
44,36,38,11,28,48
18,20,12,33,47,28
37,1,8,42,47,33
30,38,33,20,3,5
22,24,11,25,2,12
6,34,8,41,32,11
18,45,2,5,7,30
29,11,9,47,43,6
15,8,30,45,18,4
8,13,44,45,35,15
23,49,32,2,1,10
2,6,1,43,37,40
39,25,30,8,20,18
33,40,47,2,12,45
14,32,23,8,12,7
9,40,5,27,22,26
30,48,8,42,34,20
1,39,29,32,44,5
36,28,34,18,33,30
7,38,13,35,15,45
11,21,13,19,15,29
4,35,3,30,47,17
43,8,36,14,29,24
42,43,22,34,21,18
20,41,38,13,45,39
47,49,39,20,44,12
15,27,45,44,9,24
3,47,22,45,24,6
27,6,11,20,44,9
30,21,11,16,19,33
16,5,45,7,2,1
29,48,49,17,26,32
16,34,4,30,3,39
9,48,30,33,24,14
41,23,49,36,33,3
1,6,41,19,28,26
8,16,15,3,17,38
25,23,39,35,42,43
5,18,49,24,10,27
21,35,18,25,16,46
38,47,24,44,17,46
22,9,31,13,12,30
34,6,29,45,36,4
10,43,21,35,30,4
8,45,34,21,25,32
43,6,3,38,44,13
33,48,21,46,28,25
46,27,25,21,44,14
28,35,45,46,24,16
48,5,30,45,34,8
3,15,5,39,41,14
46,2,16,35,10,47
25,28,3,45,1,27
44,28,20,49,11,29
36,27,12,7,15,6
40,20,26,28,32,45
27,49,12,20,4,19
25,2,46,11,28,36
23,24,19,40,1,32
37,2,20,39,8,24
44,23,25,6,13,48
35,34,33,14,18,46
36,15,46,48,9,38
21,36,23,33,42,32
24,38,39,21,36,44
19,3,34,26,24,4
16,8,38,21,32,48
12,5,49,20,8,2
13,4,34,48,36,42
23,14,10,40,29,42
49,30,36,13,44,15
48,45,19,22,29,27
8,12,4,5,34,37
9,39,20,21,10,38
9,35,48,49,21,6
15,38,42,43,22,10
30,7,32,23,13,48
16,5,6,2,7,29
16,2,33,37,8,32
17,6,13,1,44,34
14,31,44,21,38,13
7,19,20,31,30,28
31,32,45,12,20,35
36,21,16,38,47,30
34,16,24,2,7,1
7,27,46,47,21,33
41,10,44,11,46,22
31,11,39,44,26,18
3,49,14,17,21,28
47,12,35,39,20,24
33,9,48,35,29,21
12,11,19,7,21,39
41,10,47,45,16,34
40,2,23,17,36,32
5,13,34,39,22,9
30,23,38,10,19,11
23,44,11,47,3,4
5,46,14,20,12,27
20,45,46,17,22,3
3,28,15,48,2,46
43,44,16,14,25,24
47,20,35,40,4,34
13,3,6,37,24,43
31,42,21,34,14,20
49,8,30,11,13,34
38,25,8,26,43,28
15,33,43,41,11,48
4,3,48,26,45,5
38,32,46,16,7,37
49,1,38,19,21,13
25,49,34,35,24,44
21,18,42,25,3,31
19,44,41,16,27,4
47,5,44,43,38,20
34,44,43,1,20,17
23,16,28,12,19,32
48,41,20,14,33,28
46,7,34,21,8,22
28,6,40,38,2,10
19,5,48,11,33,13
36,45,49,28,12,26
19,24,36,16,28,42
16,40,27,2,9,32
40,28,27,12,7,18
28,27,30,8,41,38
7,45,28,2,15,4
3,13,43,20,12,33
22,29,17,8,7,12
35,16,8,44,17,34
26,32,38,47,22,43
2,36,33,21,1,31
38,14,22,18,30,6
9,39,31,46,42,12
3,11,6,5,42,34
17,46,3,39,49,38
2,16,27,34,41,29
18,15,17,10,27,40
45,28,18,5,30,26
42,6,37,2,24,23
13,40,16,12,38,18
49,3,24,9,38,31
2,1,4,3,10,7
11,22,4,49,18,24
15,24,37,21,9,18
47,23,30,13,8,48
32,3,49,29,17,7
39,37,24,9,26,28
34,22,33,7,39,32
14,44,26,38,7,31
19,34,33,15,20,32
10,28,26,21,38,3
32,28,37,34,48,5
16,14,4,25,35,32
10,43,26,3,4,37
21,2,11,17,13,15
9,8,28,17,15,12
22,29,37,11,4,46
5,36,20,14,49,21
10,14,7,29,45,46
26,14,2,39,7,38
43,30,27,40,18,25
44,22,37,48,6,1
42,47,27,26,28,36
23,43,1,13,35,2
8,49,37,28,27,38
27,23,2,5,43,36
13,24,29,44,31,28
30,40,34,8,25,15
23,14,35,13,29,18
40,7,14,25,28,33
6,22,25,11,33,32
45,12,3,13,24,19
21,7,30,26,47,38
43,46,28,21,14,16
34,23,41,44,8,5
5,8,17,12,20,37
29,32,13,1,44,7
46,32,34,15,16,13
26,25,20,4,12,19
44,20,24,42,34,15
13,6,31,45,43,42
29,10,22,18,32,23
14,18,19,2,43,40
44,35,41,25,19,17
32,4,20,1,39,27
36,44,2,35,32,33
19,11,48,40,1,2
46,2,23,17,13,30
20,46,8,12,37,25
5,41,33,47,14,17
9,48,23,10,30,38
40,2,35,9,36,21
18,48,21,38,19,30
20,34,44,36,7,17
41,3,9,40,19,33
46,4,21,45,39,24
11,30,27,14,2,20
31,17,22,29,30,14
25,10,26,38,4,49
1,29,33,4,5,44
4,18,10,11,29,38
11,34,9,29,23,1
49,22,46,1,21,45
17,49,48,16,21,42
5,31,48,14,8,22
41,20,1,27,31,22
32,36,46,17,4,21
9,3,35,13,34,1
22,31,6,45,23,36
46,38,16,22,9,40
12,33,7,18,27,1
7,5,15,10,1,9
20,28,11,7,49,41
17,3,2,48,34,38
46,29,7,13,17,23
40,48,39,27,23,26
5,18,43,22,7,33
37,38,27,32,14,18
23,28,45,18,36,4
33,24,15,25,40,11
30,47,49,26,24,8
11,23,8,29,15,24
23,1,18,13,30,44
34,21,49,46,27,23
19,2,5,1,12,18
9,34,42,39,49,46
15,20,45,35,25,18
31,49,20,21,18,27
30,3,28,42,32,37
12,24,48,40,30,44
29,11,37,16,27,26
9,39,4,33,27,42
15,5,38,27,26,2
30,7,2,8,10,6
21,8,36,11,3,48
43,22,45,1,20,11
29,4,41,27,25,5
29,43,48,35,42,34
14,6,32,40,46,33
12,25,9,34,5,26
36,4,6,27,47,49
8,33,15,47,37,9
42,37,3,44,31,4
37,30,15,11,43,25
37,25,26,36,32,10
24,18,6,35,40,22
35,14,48,32,39,25
10,25,8,37,28,33
22,18,25,33,32,42
4,3,15,45,38,25
4,20,7,3,19,23
44,5,21,29,24,43
34,2,32,43,45,23
4,33,23,40,43,24
4,47,21,10,7,28
34,36,35,16,46,40
12,34,24,26,48,44
17,37,33,12,25,18
5,27,1,24,11,23
30,8,1,2,43,39
46,27,41,10,19,29
4,23,39,29,18,7
38,49,30,21,23,44
41,25,42,49,26,34
23,36,16,47,3,12
11,34,7,12,36,30
39,1,4,32,5,3
25,22,36,1,30,13
2,31,27,33,19,10
7,24,26,45,39,18
11,19,49,20,2,33
46,8,22,35,19,1
22,23,46,10,26,16
45,48,3,38,6,24
22,26,6,17,45,32
6,16,11,1,8,12
2,30,4,35,47,19
24,49,28,19,12,8
43,8,45,30,18,16
16,9,29,8,1,42
38,4,29,35,20,5
16,18,7,44,26,22
49,21,26,35,45,29
20,40,5,32,36,18
32,30,23,33,43,44
19,40,35,18,3,38
46,32,49,3,36,48
28,37,22,16,12,36
28,1,20,33,43,15
34,46,40,20,8,3
26,24,30,19,41,36
8,36,43,35,27,30
4,37,42,39,30,3
5,28,16,40,13,41
9,23,6,40,36,8
10,38,47,4,32,35
27,14,38,7,19,28
20,44,9,14,18,7
25,39,47,37,34,1
22,48,38,24,35,29
48,38,15,29,34,4
7,34,10,35,25,20
24,6,3,28,9,1
